CREATE DATABASE IF NOT EXISTS danhgiakienthuc;
USE danhgiakienthuc;

CREATE TABLE `danhgiakienthuc`.`table_user` (
  `username` VARCHAR(25) NOT NULL,
  `password` VARCHAR(45) NULL,
  `name` VARCHAR(45) NULL,
  `email` VARCHAR(45) NULL,
  `role` VARCHAR(45) NULL,
  PRIMARY KEY (`username`));
INSERT INTO `danhgiakienthuc`.`table_user` (`username`, `password`, `name`, `email`, `role`) VALUES ('admin', '21232f297a57a5a743894a0e4a801fc3', 'Administrator', 'abc@xyz.com', 'admin');

CREATE TABLE `danhgiakienthuc`.`table_hamso` (
  `id` VARCHAR(45) NOT NULL,
  `noidung` LONGTEXT NULL,
  `dapanA` LONGTEXT NULL,
  `dapanB` LONGTEXT NULL,
  `dapanC` LONGTEXT NULL,
  `dapanD` LONGTEXT NULL,
  `dapan` VARCHAR(45) NULL,
  `dangtoan` VARCHAR(45) NULL,
  `dangbt` VARCHAR(45) NULL,
  `dokho` INT NULL,
  `dophancach` INT NULL,
  `malop` INT NULL,
  `hinh` INT NULL,
  PRIMARY KEY (`id`));

CREATE TABLE `danhgiakienthuc`.`table_loga` (
  `id` VARCHAR(45) NOT NULL,
  `noidung` LONGTEXT NULL,
  `dapanA` LONGTEXT NULL,
  `dapanB` LONGTEXT NULL,
  `dapanC` LONGTEXT NULL,
  `dapanD` LONGTEXT NULL,
  `dapan` VARCHAR(45) NULL,
  `dangtoan` VARCHAR(45) NULL,
  `dangbt` VARCHAR(45) NULL,
  `dokho` INT NULL,
  `dophancach` INT NULL,
  `malop` INT NULL,
  `hinh` INT NULL,
  PRIMARY KEY (`id`));

CREATE TABLE `danhgiakienthuc`.`table_tichphan` (
  `id` VARCHAR(45) NOT NULL,
  `noidung` LONGTEXT NULL,
  `dapanA` LONGTEXT NULL,
  `dapanB` LONGTEXT NULL,
  `dapanC` LONGTEXT NULL,
  `dapanD` LONGTEXT NULL,
  `dapan` VARCHAR(45) NULL,
  `dangtoan` VARCHAR(45) NULL,
  `dangbt` VARCHAR(45) NULL,
  `dokho` INT NULL,
  `dophancach` INT NULL,
  `malop` INT NULL,
  `hinh` INT NULL,
  PRIMARY KEY (`id`));

CREATE TABLE `danhgiakienthuc`.`table_sophuc` (
  `id` VARCHAR(45) NOT NULL,
  `noidung` LONGTEXT NULL,
  `dapanA` LONGTEXT NULL,
  `dapanB` LONGTEXT NULL,
  `dapanC` LONGTEXT NULL,
  `dapanD` LONGTEXT NULL,
  `dapan` VARCHAR(45) NULL,
  `dangtoan` VARCHAR(45) NULL,
  `dangbt` VARCHAR(45) NULL,
  `dokho` INT NULL,
  `dophancach` INT NULL,
  `malop` INT NULL,
  `hinh` INT NULL,
  PRIMARY KEY (`id`));

CREATE TABLE `danhgiakienthuc`.`table_hhkg` (
  `id` VARCHAR(45) NOT NULL,
  `noidung` LONGTEXT NULL,
  `dapanA` LONGTEXT NULL,
  `dapanB` LONGTEXT NULL,
  `dapanC` LONGTEXT NULL,
  `dapanD` LONGTEXT NULL,
  `dapan` VARCHAR(45) NULL,
  `dangtoan` VARCHAR(45) NULL,
  `dangbt` VARCHAR(45) NULL,
  `dokho` INT NULL,
  `dophancach` INT NULL,
  `malop` INT NULL,
  `hinh` INT NULL,
  PRIMARY KEY (`id`));

CREATE TABLE `danhgiakienthuc`.`table_oxyz` (
  `id` VARCHAR(45) NOT NULL,
  `noidung` LONGTEXT NULL,
  `dapanA` LONGTEXT NULL,
  `dapanB` LONGTEXT NULL,
  `dapanC` LONGTEXT NULL,
  `dapanD` LONGTEXT NULL,
  `dapan` VARCHAR(45) NULL,
  `dangtoan` VARCHAR(45) NULL,
  `dangbt` VARCHAR(45) NULL,
  `dokho` INT NULL,
  `dophancach` INT NULL,
  `malop` INT NULL,
  `hinh` INT NULL,
  PRIMARY KEY (`id`));

CREATE TABLE `danhgiakienthuc`.`table_dethi` (
  `id` VARCHAR(45) NOT NULL,
  `noidung` LONGTEXT NULL,
  `dapanA` LONGTEXT NULL,
  `dapanB` LONGTEXT NULL,
  `dapanC` LONGTEXT NULL,
  `dapanD` LONGTEXT NULL,
  `dapan` VARCHAR(45) NULL,
  `dangtoan` VARCHAR(45) NULL,
  `dangbt` VARCHAR(45) NULL,
  `dokho` INT NULL,
  `dophancach` INT NULL,
  `malop` INT NULL,
  `hinh` INT NULL,
  PRIMARY KEY (`id`));
  
CREATE TABLE `danhgiakienthuc`.`table_dokho` (
  `dokho` INT NOT NULL,
  `mucdo` VARCHAR(45) NULL,
  PRIMARY KEY (`dokho`));
INSERT INTO `danhgiakienthuc`.`table_dokho` (`dokho`, `mucdo`) VALUES ('0', 'nhận biết');
INSERT INTO `danhgiakienthuc`.`table_dokho` (`dokho`, `mucdo`) VALUES ('1', 'thổng hiểu');
INSERT INTO `danhgiakienthuc`.`table_dokho` (`dokho`, `mucdo`) VALUES ('2', 'vận dụng');
INSERT INTO `danhgiakienthuc`.`table_dokho` (`dokho`, `mucdo`) VALUES ('3', 'vận dụng cao');

CREATE TABLE `danhgiakienthuc`.`table_lop` (
  `malop` INT NOT NULL,
  `tenlop` VARCHAR(45) NULL,
  PRIMARY KEY (`malop`));
INSERT INTO `danhgiakienthuc`.`table_lop` (`malop`, `tenlop`) VALUES ('10', 'Lớp 10');
INSERT INTO `danhgiakienthuc`.`table_lop` (`malop`, `tenlop`) VALUES ('11', 'Lớp 11');
INSERT INTO `danhgiakienthuc`.`table_lop` (`malop`, `tenlop`) VALUES ('12', 'Lớp 12');

CREATE TABLE `danhgiakienthuc`.`table_phanloaidangtoan` (
  `dangtoan` VARCHAR(45) NOT NULL,
  `malop` INT NOT NULL,
  `dangtoanTV` VARCHAR(45) NULL,
  `dopc_de` FLOAT NULL,
  `dopc_tb` FLOAT NULL,
  `dopc_tbk` FLOAT NULL,
  `dopc_kho` FLOAT NULL,
  PRIMARY KEY (`dangtoan`));
INSERT INTO `danhgiakienthuc`.`table_phanloaidangtoan` (`dangtoan`, `malop`, `dangtoanTV`, `dopc_de`, `dopc_tb`, `dopc_tbk`, `dopc_kho`) VALUES ('hamso', '12', 'Hàm số', NULL, NULL, NULL, NULL);
INSERT INTO `danhgiakienthuc`.`table_phanloaidangtoan` (`dangtoan`, `malop`, `dangtoanTV`, `dopc_de`, `dopc_tb`, `dopc_tbk`, `dopc_kho`) VALUES ('loga', '12', 'Lũy thừa - Mũ - Logarith', NULL, NULL, NULL, NULL);
INSERT INTO `danhgiakienthuc`.`table_phanloaidangtoan` (`dangtoan`, `malop`, `dangtoanTV`, `dopc_de`, `dopc_tb`, `dopc_tbk`, `dopc_kho`) VALUES ('tichphan', '12', 'Tích phân', NULL, NULL, NULL, NULL);
INSERT INTO `danhgiakienthuc`.`table_phanloaidangtoan` (`dangtoan`, `malop`, `dangtoanTV`, `dopc_de`, `dopc_tb`, `dopc_tbk`, `dopc_kho`) VALUES ('sophuc', '12', 'Số phức', NULL, NULL, NULL, NULL);
INSERT INTO `danhgiakienthuc`.`table_phanloaidangtoan` (`dangtoan`, `malop`, `dangtoanTV`, `dopc_de`, `dopc_tb`, `dopc_tbk`, `dopc_kho`) VALUES ('hhkg', '12', 'Hình học không gian', NULL, NULL, NULL, NULL);
INSERT INTO `danhgiakienthuc`.`table_phanloaidangtoan` (`dangtoan`, `malop`, `dangtoanTV`, `dopc_de`, `dopc_tb`, `dopc_tbk`, `dopc_kho`) VALUES ('oxyz', '12', 'OXYZ', NULL, NULL, NULL, NULL);

CREATE TABLE `danhgiakienthuc`.`table_phanloaibt` (
  `dangbt` VARCHAR(45) NOT NULL,
  `dangtoan` VARCHAR(45) NULL,
  `dangbtTV` VARCHAR(45) NULL,
  PRIMARY KEY (`dangbt`));
INSERT INTO `danhgiakienthuc`.`table_phanloaibt` (`dangbt`, `dangtoan`, `dangbtTV`) VALUES ('nhanbiet', 'hamso', 'Nhận biết đồ thị');
INSERT INTO `danhgiakienthuc`.`table_phanloaibt` (`dangbt`, `dangtoan`, `dangbtTV`) VALUES ('tiemcan', 'hamso', 'Tiệm cận của đồ thị');
INSERT INTO `danhgiakienthuc`.`table_phanloaibt` (`dangbt`, `dangtoan`, `dangbtTV`) VALUES ('dondieu', 'hamso', 'Tính đơn điệu của hàm số');
INSERT INTO `danhgiakienthuc`.`table_phanloaibt` (`dangbt`, `dangtoan`, `dangbtTV`) VALUES ('cuctri', 'hamso', 'Cực trị hàm số');
INSERT INTO `danhgiakienthuc`.`table_phanloaibt` (`dangbt`, `dangtoan`, `dangbtTV`) VALUES ('tuonggiao', 'hamso', 'Tương giao');
INSERT INTO `danhgiakienthuc`.`table_phanloaibt` (`dangbt`, `dangtoan`, `dangbtTV`) VALUES ('gtlnnn', 'hamso', 'GTLN - GTNN');
INSERT INTO `danhgiakienthuc`.`table_phanloaibt` (`dangbt`, `dangtoan`, `dangbtTV`) VALUES ('tieptuyen', 'hamso', 'Tiếp tuyến của đồ thị');
INSERT INTO `danhgiakienthuc`.`table_phanloaibt` (`dangbt`, `dangtoan`, `dangbtTV`) VALUES ('ptloga', 'loga', 'Phương trình logarith');
INSERT INTO `danhgiakienthuc`.`table_phanloaibt` (`dangbt`, `dangtoan`, `dangbtTV`) VALUES ('hsmuloga', 'loga', 'Hàm số mũ - logarith');
INSERT INTO `danhgiakienthuc`.`table_phanloaibt` (`dangbt`, `dangtoan`, `dangbtTV`) VALUES ('bptloga', 'loga', 'Bất phương trình logarith');
INSERT INTO `danhgiakienthuc`.`table_phanloaibt` (`dangbt`, `dangtoan`, `dangbtTV`) VALUES ('ptmu', 'loga', 'Phương trình mũ');
INSERT INTO `danhgiakienthuc`.`table_phanloaibt` (`dangbt`, `dangtoan`, `dangbtTV`) VALUES ('thucte', 'loga', 'Bài toán thực tế');
INSERT INTO `danhgiakienthuc`.`table_phanloaibt` (`dangbt`, `dangtoan`, `dangbtTV`) VALUES ('bptmu', 'loga', 'Bất phương trình mũ');

/* CREATE FOREIGN KEY */
ALTER TABLE `danhgiakienthuc`.`table_hamso`
	ADD FOREIGN KEY (`dokho`) REFERENCES `danhgiakienthuc`.`table_dokho`(`dokho`),
	ADD FOREIGN KEY (`dangtoan`) REFERENCES `danhgiakienthuc`.`table_phanloaidangtoan`(`dangtoan`),
	ADD FOREIGN KEY (`dangbt`) REFERENCES `danhgiakienthuc`.`table_phanloaibt`(`dangbt`),
	ADD FOREIGN KEY (`malop`) REFERENCES `danhgiakienthuc`.`table_lop`(`malop`);

ALTER TABLE `danhgiakienthuc`.`table_loga`
	ADD FOREIGN KEY (`dokho`) REFERENCES `danhgiakienthuc`.`table_dokho`(`dokho`),
	ADD FOREIGN KEY (`dangtoan`) REFERENCES `danhgiakienthuc`.`table_phanloaidangtoan`(`dangtoan`),
	ADD FOREIGN KEY (`dangbt`) REFERENCES `danhgiakienthuc`.`table_phanloaibt`(`dangbt`),
	ADD FOREIGN KEY (`malop`) REFERENCES `danhgiakienthuc`.`table_lop`(`malop`);

ALTER TABLE `danhgiakienthuc`.`table_tichphan`
	ADD FOREIGN KEY (`dokho`) REFERENCES `danhgiakienthuc`.`table_dokho`(`dokho`),
	ADD FOREIGN KEY (`dangtoan`) REFERENCES `danhgiakienthuc`.`table_phanloaidangtoan`(`dangtoan`),
	ADD FOREIGN KEY (`dangbt`) REFERENCES `danhgiakienthuc`.`table_phanloaibt`(`dangbt`),
	ADD FOREIGN KEY (`malop`) REFERENCES `danhgiakienthuc`.`table_lop`(`malop`);

ALTER TABLE `danhgiakienthuc`.`table_sophuc`
	ADD FOREIGN KEY (`dokho`) REFERENCES `danhgiakienthuc`.`table_dokho`(`dokho`),
	ADD FOREIGN KEY (`dangtoan`) REFERENCES `danhgiakienthuc`.`table_phanloaidangtoan`(`dangtoan`),
	ADD FOREIGN KEY (`dangbt`) REFERENCES `danhgiakienthuc`.`table_phanloaibt`(`dangbt`),
	ADD FOREIGN KEY (`malop`) REFERENCES `danhgiakienthuc`.`table_lop`(`malop`);

ALTER TABLE `danhgiakienthuc`.`table_hhkg`
	ADD FOREIGN KEY (`dokho`) REFERENCES `danhgiakienthuc`.`table_dokho`(`dokho`),
	ADD FOREIGN KEY (`dangtoan`) REFERENCES `danhgiakienthuc`.`table_phanloaidangtoan`(`dangtoan`),
	ADD FOREIGN KEY (`dangbt`) REFERENCES `danhgiakienthuc`.`table_phanloaibt`(`dangbt`),
	ADD FOREIGN KEY (`malop`) REFERENCES `danhgiakienthuc`.`table_lop`(`malop`);

ALTER TABLE `danhgiakienthuc`.`table_oxyz`
	ADD FOREIGN KEY (`dokho`) REFERENCES `danhgiakienthuc`.`table_dokho`(`dokho`),
	ADD FOREIGN KEY (`dangtoan`) REFERENCES `danhgiakienthuc`.`table_phanloaidangtoan`(`dangtoan`),
	ADD FOREIGN KEY (`dangbt`) REFERENCES `danhgiakienthuc`.`table_phanloaibt`(`dangbt`),
	ADD FOREIGN KEY (`malop`) REFERENCES `danhgiakienthuc`.`table_lop`(`malop`);

ALTER TABLE `danhgiakienthuc`.`table_dethi`
	ADD FOREIGN KEY (`dokho`) REFERENCES `danhgiakienthuc`.`table_dokho`(`dokho`),
	ADD FOREIGN KEY (`dangtoan`) REFERENCES `danhgiakienthuc`.`table_phanloaidangtoan`(`dangtoan`),
	ADD FOREIGN KEY (`dangbt`) REFERENCES `danhgiakienthuc`.`table_phanloaibt`(`dangbt`),
	ADD FOREIGN KEY (`malop`) REFERENCES `danhgiakienthuc`.`table_lop`(`malop`);	

ALTER TABLE `danhgiakienthuc`.`table_phanloaidangtoan` ADD FOREIGN KEY (`malop`) REFERENCES `danhgiakienthuc`.`table_lop`(`malop`);	

ALTER TABLE `danhgiakienthuc`.`table_phanloaibt` ADD FOREIGN KEY (`dangtoan`) REFERENCES `danhgiakienthuc`.`table_phanloaidangtoan`(`dangtoan`);		

/* Insert Data */
INSERT INTO `danhgiakienthuc`.`table_hamso` (`id`, `noidung`, `dapanA`, `dapanB`, `dapanC`, `dapanD`, `dapan`, `dangtoan`, `dangbt`, `dokho`, `dophancach`, `malop`, `hinh`) VALUES ('HS001','Đường cong trong hình bên là đồ thị của một hàm số trong bốn hàm số được liệt kê ở bốn phương án A, B, C, D dưới đây. Hỏi hàm số đó là hàm số nào ? ','$y=-x^2+x-1$','$y=-x^3+3x-1$','$y=-x^4-x^2+1$','$y=-x^3-3x+1$','D','hamso','nhanbiet','0','NULL','12','1');
INSERT INTO `danhgiakienthuc`.`table_hamso` (`id`, `noidung`, `dapanA`, `dapanB`, `dapanC`, `dapanD`, `dapan`, `dangtoan`, `dangbt`, `dokho`, `dophancach`, `malop`, `hinh`) VALUES ('HS002','Hàm số y=$ax^2+bx+c (a \\ne 0)$ có đồ thị như hình vẽ. Hãy xác định dấu của a,b,c','$a>0, b>0, c>0$','$a<0, b>0, c<0$','$a<0, b>0, c>0$','$a<0, b<0, c>0$','C','hamso','nhanbiet','1','NULL','12','1');
INSERT INTO `danhgiakienthuc`.`table_hamso` (`id`, `noidung`, `dapanA`, `dapanB`, `dapanC`, `dapanD`, `dapan`, `dangtoan`, `dangbt`, `dokho`, `dophancach`, `malop`, `hinh`) VALUES ('HS003','Đồ thị hàm số nào sau đây có dạng như hình vẽ bên?','$y=x^3-3x+1$','$y=x^3+3x+1$','$y=-x^3-3x+1$','$y=-x^3+3x+1$','B','hamso','nhanbiet','0','NULL','12','1');
INSERT INTO `danhgiakienthuc`.`table_hamso` (`id`, `noidung`, `dapanA`, `dapanB`, `dapanC`, `dapanD`, `dapan`, `dangtoan`, `dangbt`, `dokho`, `dophancach`, `malop`, `hinh`) VALUES ('HS004','Bảng biến thiên sau là của hàm số nào?','$y=\\frac{3-3x}{x+2}$','$y=\\frac{3x+8}{x+2}$','$y=\\frac{3x-3}{x+2}$','$y=\\frac{3-x}{x+2}$','C','hamso','nhanbiet','0','NULL','12','1');
INSERT INTO `danhgiakienthuc`.`table_hamso` (`id`, `noidung`, `dapanA`, `dapanB`, `dapanC`, `dapanD`, `dapan`, `dangtoan`, `dangbt`, `dokho`, `dophancach`, `malop`, `hinh`) VALUES ('HS005','Hàm số nào sau đây <b>không phải</b> là hàm bậc nhất?','$y=1-x$','$y=\\frac{x}{2}$','$y=\\frac{2}{x}$','$y=x+2$','C','hamso','nhanbiet','0','NULL','12','0');
INSERT INTO `danhgiakienthuc`.`table_hamso` (`id`, `noidung`, `dapanA`, `dapanB`, `dapanC`, `dapanD`, `dapan`, `dangtoan`, `dangbt`, `dokho`, `dophancach`, `malop`, `hinh`) VALUES ('HS006','Trong các hàm số sau, hàm nào là hàm bậc nhất?','$y=\\frac{1}{x+1}$','$y=x\\sqrt{6}+1$','$y=\\frac{mx+1}{x}$','$y=\\sqrt{2x+m+1}$','B','hamso','nhanbiet','0','NULL','12','0');
INSERT INTO `danhgiakienthuc`.`table_hamso` (`id`, `noidung`, `dapanA`, `dapanB`, `dapanC`, `dapanD`, `dapan`, `dangtoan`, `dangbt`, `dokho`, `dophancach`, `malop`, `hinh`) VALUES ('HS007','Hàm số nào sau đây là hàm số chẵn?','$y=x^4-x$','$y=\\frac{2x}{x^2-4}$','$y=\\sqrt{1-x}$','$y=\\frac{2}{x^2-4}$','D','hamso','nhanbiet','1','NULL','12','0');
INSERT INTO `danhgiakienthuc`.`table_hamso` (`id`, `noidung`, `dapanA`, `dapanB`, `dapanC`, `dapanD`, `dapan`, `dangtoan`, `dangbt`, `dokho`, `dophancach`, `malop`, `hinh`) VALUES ('HS008','Hàm số nào sau đây là hàm số lẻ?','$y=2x+3$','$y=\\sqrt[3]{x}$','$y=\\frac{1}{x^2}$','$y=\\sqrt{x}$','B','hamso','nhanbiet','1','NULL','12','0');
INSERT INTO `danhgiakienthuc`.`table_hamso` (`id`, `noidung`, `dapanA`, `dapanB`, `dapanC`, `dapanD`, `dapan`, `dangtoan`, `dangbt`, `dokho`, `dophancach`, `malop`, `hinh`) VALUES ('HS009','Cho hàm số $y=f(x)=x^2-2\\left|x\\right|+3$. Khẳng định nào sau đây đúng?','$y=f(x)$ là hàm số chẵn','$y=f(x)$ là hàm số lẻ','$y=f(x)$ là hàm số vừa chẵn vừa lẻ','$y=f(x)$ là hàm số không chẵn không lẻ','A','hamso','nhanbiet','1','NULL','12','0');
INSERT INTO `danhgiakienthuc`.`table_hamso` (`id`, `noidung`, `dapanA`, `dapanB`, `dapanC`, `dapanD`, `dapan`, `dangtoan`, `dangbt`, `dokho`, `dophancach`, `malop`, `hinh`) VALUES ('HS010','Cho hàm số $y=f(x)=x^2-2x+3$. Khẳng định nào sau đây đúng?','$y=f(x)$ là hàm số chẵn','$y=f(x)$ là hàm số lẻ','$y=f(x)$ là hàm số vừa chẵn vừa lẻ','$y=f(x)$ là hàm số không chẵn không lẻ','D','hamso','nhanbiet','1','NULL','12','0');
INSERT INTO `danhgiakienthuc`.`table_hamso` (`id`, `noidung`, `dapanA`, `dapanB`, `dapanC`, `dapanD`, `dapan`, `dangtoan`, `dangbt`, `dokho`, `dophancach`, `malop`, `hinh`) VALUES ('HS011','Cho hàm số $y=f(x)=\\sqrt{x+2}$. Khẳng định nào sau đây đúng?','$y=f(x)$ là hàm số chẵn','$y=f(x)$ là hàm số lẻ','$y=f(x)$ là hàm số vừa chẵn vừa lẻ','$y=f(x)$ là hàm số không chẵn không lẻ','D','hamso','nhanbiet','1','NULL','12','0');
INSERT INTO `danhgiakienthuc`.`table_hamso` (`id`, `noidung`, `dapanA`, `dapanB`, `dapanC`, `dapanD`, `dapan`, `dangtoan`, `dangbt`, `dokho`, `dophancach`, `malop`, `hinh`) VALUES ('HS012','Cho hàm số $y=ax^3+bx^2+cx+d (a \\ne 0)$ có đồ thị như hình vẽ. Hãy xác định dấu của a và d?','$a>0, d<0$','$a<0, d<0$','$a>0, d>0$','$a<0, d>0$','C','hamso','nhanbiet','1','NULL','12','1');
INSERT INTO `danhgiakienthuc`.`table_hamso` (`id`, `noidung`, `dapanA`, `dapanB`, `dapanC`, `dapanD`, `dapan`, `dangtoan`, `dangbt`, `dokho`, `dophancach`, `malop`, `hinh`) VALUES ('HS013','Với điều kiện nào của a,b,c,d $(a \\ne 0)$ thì $y=ax^3+bx^2+cx+d$ là hàm chẵn trên $\\mathbb{R}$ ?','$c=0$','$c=d=0$','$b=d=0$','Cả A,B,C đều sai','D','hamso','nhanbiet','1','NULL','12','0');
INSERT INTO `danhgiakienthuc`.`table_hamso` (`id`, `noidung`, `dapanA`, `dapanB`, `dapanC`, `dapanD`, `dapan`, `dangtoan`, `dangbt`, `dokho`, `dophancach`, `malop`, `hinh`) VALUES ('HS014','Bảng biến thiên sau là của hàm số nào?','$y=-x^3-3x+1$','$y=x^3+3x+1$','$y=x^3-3x+1$','$y=-x^3+3x+1$','D','hamso','nhanbiet','0','NULL','12','1');
INSERT INTO `danhgiakienthuc`.`table_hamso` (`id`, `noidung`, `dapanA`, `dapanB`, `dapanC`, `dapanD`, `dapan`, `dangtoan`, `dangbt`, `dokho`, `dophancach`, `malop`, `hinh`) VALUES ('HS015','Đồ thị như hình vẽ là đồ thị của hàm số nào?','$y=\\frac{x+2}{x+1}$','$y=\\frac{2-x}{x-1}$','$y=\\frac{-x-2}{x-1}$','$y=\\frac{2-x}{x+1}','B','hamso','nhanbiet','0','NULL','12','1');
INSERT INTO `danhgiakienthuc`.`table_hamso` (`id`, `noidung`, `dapanA`, `dapanB`, `dapanC`, `dapanD`, `dapan`, `dangtoan`, `dangbt`, `dokho`, `dophancach`, `malop`, `hinh`) VALUES ('HS016','Đồ thị hàm số như hình vẽ là của hàm số nào?','$y=-\\frac{1}{3}x^3+x^2-1$','$y=-\\frac{1}{3}x^3-x^2+11$','$y=\\frac{1}{3}x^3+2x+1$','$y=\\frac{1}{3}x^3-2x+2$','A','hamso','nhanbiet','0','NULL','12','1');
INSERT INTO `danhgiakienthuc`.`table_hamso` (`id`, `noidung`, `dapanA`, `dapanB`, `dapanC`, `dapanD`, `dapan`, `dangtoan`, `dangbt`, `dokho`, `dophancach`, `malop`, `hinh`) VALUES ('HS017','Đây là đồ thị của hàm số nào?','$y=-x^4+2x^2+3$','$y=x^4+2x^2+3$','$y=x^4-2x^2-3$','$y=-x^4-2x^2+3$','A','hamso','nhanbiet','0','NULL','12','1');
INSERT INTO `danhgiakienthuc`.`table_hamso` (`id`, `noidung`, `dapanA`, `dapanB`, `dapanC`, `dapanD`, `dapan`, `dangtoan`, `dangbt`, `dokho`, `dophancach`, `malop`, `hinh`) VALUES ('HS018','Đây là đồ thị của hàm số nào trong 4 hàm số dưới đây?','$y=x^3-3x^2+2$','$y=-x^3+3x+2$','$y=-x^3+3x^2-2$','$y=x^3-3x^2-2$','A','hamso','nhanbiet','0','NULL','12','1');
INSERT INTO `danhgiakienthuc`.`table_hamso` (`id`, `noidung`, `dapanA`, `dapanB`, `dapanC`, `dapanD`, `dapan`, `dangtoan`, `dangbt`, `dokho`, `dophancach`, `malop`, `hinh`) VALUES ('HS019','Cho hàm số $y=ax^3+bx^2+cx+d$ có đồ thị như hình vẽ bên. Mệnh đề nào dưới đây đúng?','$a<0,b>0,c>0,d<0$','$a<0,b<0,c>0,d<0$','$a>0,b<0,c<0,d>0$','$a<0,b>0,c<0,d<0$','A','hamso','nhanbiet','1','NULL','12','1');
INSERT INTO `danhgiakienthuc`.`table_hamso` (`id`, `noidung`, `dapanA`, `dapanB`, `dapanC`, `dapanD`, `dapan`, `dangtoan`, `dangbt`, `dokho`, `dophancach`, `malop`, `hinh`) VALUES ('HS020','Cho hàm số $y=f(x)$ có $lim_{x\\to\\infty}(f(x))=1$ và $lim_{x\\to -\\infty}(f(x))=-1$. Khẳng định nào sau đây là khẳng định đúng ? ','Đồ thị hàm số đã cho không có tiệm cận ngang','Đồ thị hàm số đã cho có đúng một tiệm cận ngang.','Đồ thị hàm số đã cho có hai tiệm cận ngang là các đường thẳng $y=1$ và $y=-1$ .','Đồ thị hàm số đã cho có hai tiệm cận ngang là các đường thẳng $x=1$ và $x=-1$.','C','hamso','tiemcan','0','NULL','12','0');
INSERT INTO `danhgiakienthuc`.`table_hamso` (`id`, `noidung`, `dapanA`, `dapanB`, `dapanC`, `dapanD`, `dapan`, `dangtoan`, `dangbt`, `dokho`, `dophancach`, `malop`, `hinh`) VALUES ('HS021','Tìm tất cả các giá trị thực của tham số m sao cho đồ thị của hàm số  $y=\\dfrac{x+1}{\\sqrt{mx^2+1}}$ có hai tiệm cận ngang.','Không có giá trị thực nào của m thỏa mãn yêu cầu đề bài. ','$m<0$','$m=0$','$m>0$','D','hamso','tiemcan','1','NULL','12','0');
INSERT INTO `danhgiakienthuc`.`table_hamso` (`id`, `noidung`, `dapanA`, `dapanB`, `dapanC`, `dapanD`, `dapan`, `dangtoan`, `dangbt`, `dokho`, `dophancach`, `malop`, `hinh`) VALUES ('HS022','Đường thẳng nào sau đây là tiệm cận đứng của đồ thị hàm số $y=\\dfrac{2x+1}{x+1}$?','$x=1$','$y=-1$','$y=2$','$x=-1$','D','hamso','tiemcan','0','NULL','12','0');
INSERT INTO `danhgiakienthuc`.`table_hamso` (`id`, `noidung`, `dapanA`, `dapanB`, `dapanC`, `dapanD`, `dapan`, `dangtoan`, `dangbt`, `dokho`, `dophancach`, `malop`, `hinh`) VALUES ('HS023','Tìm tất cả các tiệm cận đứng của đồ thị hàm số $y=\\frac{2x-1-\\sqrt{x^2+x+3}}{x^2-5x+6}$','$x=-3$ và $x=-2$','$x=-3$','$x=3$ và $x=2$','$x=3$','D','hamso','tiemcan','0','NULL','12','0');
INSERT INTO `danhgiakienthuc`.`table_hamso` (`id`, `noidung`, `dapanA`, `dapanB`, `dapanC`, `dapanD`, `dapan`, `dangtoan`, `dangbt`, `dokho`, `dophancach`, `malop`, `hinh`) VALUES ('HS024','Đồ thị hàm số $y=\\frac{x^2-5x+6}{x^2-4}$ có tiệm cận đứng là?','$x=2$','$x=-2$','$x=2$ và $x=-2$','$x=2$ và $x=3$','B','hamso','tiemcan','0','NULL','12','0');
INSERT INTO `danhgiakienthuc`.`table_hamso` (`id`, `noidung`, `dapanA`, `dapanB`, `dapanC`, `dapanD`, `dapan`, `dangtoan`, `dangbt`, `dokho`, `dophancach`, `malop`, `hinh`) VALUES ('HS025','Tìm hoành độ dương của điểm $M$ thuộc đồ thị $(C): y=\\frac{2x-1}{x+1}$ biết rằng tổng khoảng cách từ $M$ tới hai đường tiệm cận của $(C)$ đạt nhỏ nhất','$\\sqrt{3}-1$','$1+\\sqrt{3}$','$2-\\sqrt{3}$','Đáp số khác','A','hamso','tiemcan','3','NULL','12','0');
INSERT INTO `danhgiakienthuc`.`table_hamso` (`id`, `noidung`, `dapanA`, `dapanB`, `dapanC`, `dapanD`, `dapan`, `dangtoan`, `dangbt`, `dokho`, `dophancach`, `malop`, `hinh`) VALUES ('HS026','Hàm số $y=\\frac{x+\\sqrt{x^2+x+1}}{x^3+x}$ có bao nhiêu đường tiệm cận?','1','2','3','4','B','hamso','tiemcan','1','NULL','12','0');
INSERT INTO `danhgiakienthuc`.`table_hamso` (`id`, `noidung`, `dapanA`, `dapanB`, `dapanC`, `dapanD`, `dapan`, `dangtoan`, `dangbt`, `dokho`, `dophancach`, `malop`, `hinh`) VALUES ('HS027','Số đường tiệm cận của đồ thị hàm số $y=\\frac{1-x}{1+x}$ là:','2','1','3','0','A','hamso','tiemcan','0','NULL','12','0');
INSERT INTO `danhgiakienthuc`.`table_hamso` (`id`, `noidung`, `dapanA`, `dapanB`, `dapanC`, `dapanD`, `dapan`, `dangtoan`, `dangbt`, `dokho`, `dophancach`, `malop`, `hinh`) VALUES ('HS028','Cho hàm số $y=\\frac{2x+1}{x-3}$ có đồ thị $(C)$. Khoảng cách từ điểm $A(0;5)$ đến tiệm cận ngang của $(C)$ bằng:','3','0','5','2','A','hamso','tiemcan','1','NULL','12','0');
INSERT INTO `danhgiakienthuc`.`table_hamso` (`id`, `noidung`, `dapanA`, `dapanB`, `dapanC`, `dapanD`, `dapan`, `dangtoan`, `dangbt`, `dokho`, `dophancach`, `malop`, `hinh`) VALUES ('HS029','Tìm tất cả các giá trị thực của tham số m sao cho đồ thị của hàm số $y=\\frac{x^2}{x-m}$ có tiệm cận đứng nằm bên phải trục $Oy$','$m=0$','$m \\neq 0$','$m > 0$','$m < 0$','C','hamso','tiemcan','2','NULL','12','0');
INSERT INTO `danhgiakienthuc`.`table_hamso` (`id`, `noidung`, `dapanA`, `dapanB`, `dapanC`, `dapanD`, `dapan`, `dangtoan`, `dangbt`, `dokho`, `dophancach`, `malop`, `hinh`) VALUES ('HS030','Cho hàm số $y=f(x)$ xác định trên khoảng $\\left(0,+\\infty\\right)$ và thỏa mãn $lim_{x\\to -\\infty}(f(x))=1$. Với giả thiết đó, mệnh đề nào sau đây là <b>đúng</b>:','Đường thẳng $x=1$ là tiệm cận ngang của đồ thị hàm số $y=f(x)$','Đường thẳng $y=1$ là tiệm cận đứng của đồ thị hàm số $y=f(x)$','Đường thẳng $x=1$ là tiệm cận đứng của đồ thị hàm số $y=f(x)$','Đường thẳng $y=1$ là tiệm cận ngang của đồ thị hàm số $y=f(x)$','D','hamso','tiemcan','1','NULL','12','0');
INSERT INTO `danhgiakienthuc`.`table_hamso` (`id`, `noidung`, `dapanA`, `dapanB`, `dapanC`, `dapanD`, `dapan`, `dangtoan`, `dangbt`, `dokho`, `dophancach`, `malop`, `hinh`) VALUES ('HS031','Đường thẳng $x=1$ là tiệm cận đứng của đồ thị hàm số nào sau đây?','$y=\\frac{1+x}{1-x}$','$y=\\frac{1+x^2}{1+x}$','$y=\\frac{2x^2+3x+2}{2-x}$','$y=\\frac{2x-2}{x+2}$','A','hamso','tiemcan','0','NULL','12','0');
INSERT INTO `danhgiakienthuc`.`table_hamso` (`id`, `noidung`, `dapanA`, `dapanB`, `dapanC`, `dapanD`, `dapan`, `dangtoan`, `dangbt`, `dokho`, `dophancach`, `malop`, `hinh`) VALUES ('HS032','Cho hàm số $y=\\frac{2mx+m}{x-1}$. Với giá trị nào của $m$ thì đường tiệm cận đứng, tiệm cận ngang của đồ thị hàm số cùng hai trục tọa độ tạo thành một hình chữ nhật có diện tích bằng 8?','$m=2$','$m=\\frac{1}{2}$ hoặc $m=-\\frac{1}{2}$','$m=4$ hoặc $m=-4$','$m=2$ hoặc $m=-2$','C','hamso','tiemcan','2','NULL','12','0');
INSERT INTO `danhgiakienthuc`.`table_hamso` (`id`, `noidung`, `dapanA`, `dapanB`, `dapanC`, `dapanD`, `dapan`, `dangtoan`, `dangbt`, `dokho`, `dophancach`, `malop`, `hinh`) VALUES ('HS033','Tìm tất cả các giá trị thực của tham số $m$ sao cho đồ thị của hàm số $y=\\frac{mx+1}{\\sqrt{x^2-x+2}$ có hai đường tiệm cận ngang','Không có giá trị $m$ thỏa mãn','$m \\in \\mathbb{R}$','$m \\neq 0$','$m=0$','D','hamso','tiemcan','1','NULL','12','0');
INSERT INTO `danhgiakienthuc`.`table_hamso` (`id`, `noidung`, `dapanA`, `dapanB`, `dapanC`, `dapanD`, `dapan`, `dangtoan`, `dangbt`, `dokho`, `dophancach`, `malop`, `hinh`) VALUES ('HS034','Cho hàm số $y=f(x)$ có $lim_{x\\to-2}(f(x))=\\infty$ và $lim_{x\\to 2}(f(x))=\\infty$. Mệnh đề nào sau đây đúng ? ','Đồ thị hàm số đã cho không có tiệm cận đứng','Đồ thị hàm số đã cho có đúng một tiệm cận đứng','Đồ thị hàm số đã cho có hai tiệm cận đứng là các đường thẳng $x=2$ và $x=-2$','Đồ thị hàm số đã cho có hai tiệm cận đứng là các đường thẳng $y=2$ và $y=-2$','B','hamso','tiemcan','0','NULL','12','0');
INSERT INTO `danhgiakienthuc`.`table_hamso` (`id`, `noidung`, `dapanA`, `dapanB`, `dapanC`, `dapanD`, `dapan`, `dangtoan`, `dangbt`, `dokho`, `dophancach`, `malop`, `hinh`) VALUES ('HS035','Cho hàm số $y=log_2(x+1)$. Chọn phát biểu đúng?','Trục $Oy$ là tiệm cận ngang của đồ thị hàm số trên','Trục $Ox$ là tiệm cận đứng của đồ thị hàm số trên','Hàm số đồng biến trên $\\left(-1;+\\infty\\right)$','Hàm số đồng biến trên $\\left(-2;+\\infty\\right)$','C','hamso','tiemcan','0','NULL','12','0');
INSERT INTO `danhgiakienthuc`.`table_hamso` (`id`, `noidung`, `dapanA`, `dapanB`, `dapanC`, `dapanD`, `dapan`, `dangtoan`, `dangbt`, `dokho`, `dophancach`, `malop`, `hinh`) VALUES ('HS036','Cho hàm số $y=\\frac{(mx+1)x+2}{x-n+1}$. Đồ thị hàm số nhận trục hoành và trục tung làm tiệm cận ngang và tiệm cận đứng. Khi đó tổng $m+n$ bằng:','1','0','-1','2','B','hamso','tiemcan','1','NULL','12','0');
INSERT INTO `danhgiakienthuc`.`table_hamso` (`id`, `noidung`, `dapanA`, `dapanB`, `dapanC`, `dapanD`, `dapan`, `dangtoan`, `dangbt`, `dokho`, `dophancach`, `malop`, `hinh`) VALUES ('HS037','Số đường tiệm cận của đồ thị hàm số $y=\\frac{x^2+1}{2x+3}$ là:','0','2','3','1','B','hamso','tiemcan','0','NULL','12','0');
INSERT INTO `danhgiakienthuc`.`table_hamso` (`id`, `noidung`, `dapanA`, `dapanB`, `dapanC`, `dapanD`, `dapan`, `dangtoan`, `dangbt`, `dokho`, `dophancach`, `malop`, `hinh`) VALUES ('HS038','Hỏi hàm số $y=2x^4+1$ đồng biến trên khoảng nào ? ','$\\left(-\\infty;-\\dfrac{1}{2} \\right)$ ','$\\left(0;+\\infty \\right)$','$\\left(-\\dfrac{1}{2};\\infty \\right)$','$\\left(-\\infty;0 \\right)$ ','B','hamso','dondieu','1','NULL','12','0');
INSERT INTO `danhgiakienthuc`.`table_hamso` (`id`, `noidung`, `dapanA`, `dapanB`, `dapanC`, `dapanD`, `dapan`, `dangtoan`, `dangbt`, `dokho`, `dophancach`, `malop`, `hinh`) VALUES ('HS039','Tìm tất cả các giá trị thực của tham số $m$ sao cho hàm số $y=\\dfrac{tanx-2}{tanx-m}$ đồng biến trên khoảng $\\left(0;\\dfrac{\\pi}{4}\\right)$.','$m \\leq 0$ hoặc $1 \\leq m <2$','$m \\leq 0$','$1\\leq m <2$','$m \\geq 2$','A','hamso','dondieu','1','NULL','12','0');
INSERT INTO `danhgiakienthuc`.`table_hamso` (`id`, `noidung`, `dapanA`, `dapanB`, `dapanC`, `dapanD`, `dapan`, `dangtoan`, `dangbt`, `dokho`, `dophancach`, `malop`, `hinh`) VALUES ('HS040','Cho hàm số $y=x^3-2x^2+x+1$. Mệnh đề nào dưới đây đúng?','Hàm số nghịch biến trên khoảng $\\left(\\frac{1}{3};1\\right)$','Hàm số nghịch biến trên khoảng $\\left(-\\infty;\\frac{1}{3}\\right)$','Hàm số đồng biến trên khoảng $\\left(\\frac{1}{3},1\\right)$','Hàm số nghịch biến trên khoảng $\\left(1;+\\infty\\right)$','B','hamso','dondieu','0','NULL','12','0');
INSERT INTO `danhgiakienthuc`.`table_hamso` (`id`, `noidung`, `dapanA`, `dapanB`, `dapanC`, `dapanD`, `dapan`, `dangtoan`, `dangbt`, `dokho`, `dophancach`, `malop`, `hinh`) VALUES ('HS041','Tìm tập hợp tất cả các giá trị của tham số thực $m$ để hàm số $y=ln(x^2+1)-mx+1$ đồng biến trên khoảng $\\left(-\\infty,+\\infty\\right)$','$\\left(-\\infty,-1\\right]$','$\\left(-\\infty,-1\\right)$','$\\left[-1,1\\right]$','$\\left[1,+\\infty\\right]$','A','hamso','dondieu','1','NULL','12','0');
INSERT INTO `danhgiakienthuc`.`table_hamso` (`id`, `noidung`, `dapanA`, `dapanB`, `dapanC`, `dapanD`, `dapan`, `dangtoan`, `dangbt`, `dokho`, `dophancach`, `malop`, `hinh`) VALUES ('HS042','Hàm số $y=x^3-3x+1$ giảm trên khoảng nào?','$\\left(0;2\\right)$','$\\left(-2;0\\right)$','$\\left(-\\infty;1\\right) \\cup \\left(1;+\\infty\\right)$','Tất cả đều sai','A','hamso','dondieu','0','NULL','12','0');
INSERT INTO `danhgiakienthuc`.`table_hamso` (`id`, `noidung`, `dapanA`, `dapanB`, `dapanC`, `dapanD`, `dapan`, `dangtoan`, `dangbt`, `dokho`, `dophancach`, `malop`, `hinh`) VALUES ('HS043','Tìm m để hàm số $y=-x^3+3x^2-mx+2017$ giảm trên tập xác định.','$m \\ge 3$','$m \\ge 0$','$m \\leq -3$','$m > 3$','A','hamso','dondieu','1','NULL','12','0');
INSERT INTO `danhgiakienthuc`.`table_hamso` (`id`, `noidung`, `dapanA`, `dapanB`, `dapanC`, `dapanD`, `dapan`, `dangtoan`, `dangbt`, `dokho`, `dophancach`, `malop`, `hinh`) VALUES ('HS044','Tìm $m$ để hàm số $y=\\frac{mx+1}{x-1}$ tăng trên từng khoảng xác định.','$m < -1$','$m > -1$','$m > 0$','$m < 0$','A','hamso','dondieu','1','NULL','12','0');
INSERT INTO `danhgiakienthuc`.`table_hamso` (`id`, `noidung`, `dapanA`, `dapanB`, `dapanC`, `dapanD`, `dapan`, `dangtoan`, `dangbt`, `dokho`, `dophancach`, `malop`, `hinh`) VALUES ('HS045','Tìm tập xác định của hàm số $y=\\sqrt{2x^2-7x+3} - 3\\sqrt{-2x^2+9x-4}$','$\\left[3;4\\right]$','$\\left[\\sqrt{1}{2};4\\right]$','$\\left[3;4\\right] \\cup \\left{\\frac{1}{2}\\right}$','$\\left[3;+\\infty)$','C','hamso','dondieu','1','NULL','12','0');
INSERT INTO `danhgiakienthuc`.`table_hamso` (`id`, `noidung`, `dapanA`, `dapanB`, `dapanC`, `dapanD`, `dapan`, `dangtoan`, `dangbt`, `dokho`, `dophancach`, `malop`, `hinh`) VALUES ('HS046','Hàm số $y=-x^3+3x^2+9x+4$ đồng biến trên khoảng nào?','$(-1;3)$','$(-\\infty;-3)$','$(-3;1)$','$(3;+\\infty)$','A','hamso','dondieu','0','NULL','12','0');
INSERT INTO `danhgiakienthuc`.`table_hamso` (`id`, `noidung`, `dapanA`, `dapanB`, `dapanC`, `dapanD`, `dapan`, `dangtoan`, `dangbt`, `dokho`, `dophancach`, `malop`, `hinh`) VALUES ('HS047','Hàm số nào sau đây nghịch biến trên $\\mathbb{R}$','$y=x^3-3x^2+2$','$y=-2x^3+x^2-x+2$','$y=-x^4+2x^2-2$','$y=\\frac{x+3}{x+1}$','B','hamso','dondieu','0','NULL','12','0');
INSERT INTO `danhgiakienthuc`.`table_hamso` (`id`, `noidung`, `dapanA`, `dapanB`, `dapanC`, `dapanD`, `dapan`, `dangtoan`, `dangbt`, `dokho`, `dophancach`, `malop`, `hinh`) VALUES ('HS048','Tìm tất cả các giá trị thực của tham số $m$ sao cho hàm số $y=\\frac{1}{3}x^3-(m+1)x^2-(2m-3)x+2017$ đồng biến trên $\\mathbb{R}$','$m=-2$','Không có giá trị $m$ thỏa mãn','$m \\ge -2$','$m \\in \\mathbb{R}$','A','hamso','dondieu','1','NULL','12','0');
INSERT INTO `danhgiakienthuc`.`table_hamso` (`id`, `noidung`, `dapanA`, `dapanB`, `dapanC`, `dapanD`, `dapan`, `dangtoan`, `dangbt`, `dokho`, `dophancach`, `malop`, `hinh`) VALUES ('HS049','Hàm số $y=\\frac{1}{3}x^3+(m+1)x^2-(m+1)x+1$ đồng biến trên tập xác định của nó khi và chỉ khi','$\\left[ m>-1 \\\\ m<-2$','$\\left[ m \\leq -1 \\\\ m \\ge -2$','$-2\\leq m \\leq-1$','$-2 < m < -1$','C','hamso','dondieu','1','NULL','12','0');
INSERT INTO `danhgiakienthuc`.`table_hamso` (`id`, `noidung`, `dapanA`, `dapanB`, `dapanC`, `dapanD`, `dapan`, `dangtoan`, `dangbt`, `dokho`, `dophancach`, `malop`, `hinh`) VALUES ('HS050','Cho hàm số $y=(m^2-1)\\frac{x^3}{3}+(m+1)x^2+3x+5$. Để hàm số đồng biến trên $\\mathbb{R}$ thì:','$m=1$ hoặc $m=-1$','$m \\leq -1$','$m \\leq -1$ hoặc $m \\ge 2$ ','$m \\ge 2$','C','hamso','dondieu','1','NULL','12','0');
INSERT INTO `danhgiakienthuc`.`table_hamso` (`id`, `noidung`, `dapanA`, `dapanB`, `dapanC`, `dapanD`, `dapan`, `dangtoan`, `dangbt`, `dokho`, `dophancach`, `malop`, `hinh`) VALUES ('HS051','Kết luận nào sau đây về tính đơn điệu của hàm số $y=\\frac{2x+1}{x+1}$ là đúng?','Hàm số đồng biến trên các khoảng $\\left(-\\infty;-1\\right)$ và $\\left(-1;+\\infty\\right)$','Hàm số luôn luôn đồng biến trên $\\mathbb{R}$ \\ ${-1}$','Hàm số nghịch biến trên các khoảng $\\left(-\\infty;-1\\right)$ và $\\left(-1;+\\infty\\right)$','Hàm số luôn luôn nghịch biến trên $\\mathbb{R}$ \\ ${-1}$','A','hamso','dondieu','1','NULL','12','0');
INSERT INTO `danhgiakienthuc`.`table_hamso` (`id`, `noidung`, `dapanA`, `dapanB`, `dapanC`, `dapanD`, `dapan`, `dangtoan`, `dangbt`, `dokho`, `dophancach`, `malop`, `hinh`) VALUES ('HS052','Định $m$ để hàm số $y=\\frac{1-m}{3}x^2-2(2-m)x^2+2(2-m)x +5$ luôn nghịch biến:','$2<m<5$','$m>-2$','$m=1$','$2 \\leq m \\leq 3$','D','hamso','dondieu','1','NULL','12','0');
INSERT INTO `danhgiakienthuc`.`table_hamso` (`id`, `noidung`, `dapanA`, `dapanB`, `dapanC`, `dapanD`, `dapan`, `dangtoan`, `dangbt`, `dokho`, `dophancach`, `malop`, `hinh`) VALUES ('HS053','Hàm số $y=\\sqrt{x^2+x+3}$ nghịch biến trên khoảng','$\\left(-\\frac{1}{2};+\\infty\\right)$','$\\left(-\\infty;-\\frac{1}{2}\\right)$','$\\mathbb{R}$','$\\left(-\\frac{1}{2};+\\infty\\right)$ và $\\left(-\\infty;-\\frac{1}{2}\\right)$','B','hamso','dondieu','0','NULL','12','0');
INSERT INTO `danhgiakienthuc`.`table_hamso` (`id`, `noidung`, `dapanA`, `dapanB`, `dapanC`, `dapanD`, `dapan`, `dangtoan`, `dangbt`, `dokho`, `dophancach`, `malop`, `hinh`) VALUES ('HS054','Hàm số $y=mx+sinx$ đồng biến trên tập số thực khi','$m \\ge 1$','$m \\ge -1$','$m \\in \\mathbb{R}$','$-1 \\leq m \\leq 1$','A','hamso','dondieu','1','NULL','12','0');
INSERT INTO `danhgiakienthuc`.`table_hamso` (`id`, `noidung`, `dapanA`, `dapanB`, `dapanC`, `dapanD`, `dapan`, `dangtoan`, `dangbt`, `dokho`, `dophancach`, `malop`, `hinh`) VALUES ('HS055','Hàm số $y=mx+cosx$ đồng biến trên tập số thực khi','$m \\ge 1$','$m \\ge -1$','$m \\in \\mathbb{R}$','$-1 \\leq m \\leq 1$','A','hamso','dondieu','1','NULL','12','0');
INSERT INTO `danhgiakienthuc`.`table_hamso` (`id`, `noidung`, `dapanA`, `dapanB`, `dapanC`, `dapanD`, `dapan`, `dangtoan`, `dangbt`, `dokho`, `dophancach`, `malop`, `hinh`) VALUES ('HS056','Hàm số $y=x^3+2x^2-mx+2m$ nghịch biến trên đoạn dài 1 đơn vị khi giá trị của $m$ là','$m > \\frac{3}{4}$','$m < -\\frac{3}{4}$','$m = \\frac{3}{4}$','$m = -\\frac{17}{2}$','D','hamso','dondieu','2','NULL','12','0');
INSERT INTO `danhgiakienthuc`.`table_hamso` (`id`, `noidung`, `dapanA`, `dapanB`, `dapanC`, `dapanD`, `dapan`, `dangtoan`, `dangbt`, `dokho`, `dophancach`, `malop`, `hinh`) VALUES ('HS057','Định $m$ để hàm số $y=\\frac{1}{3}x^3+2x^2-mx+2m$ nghịch biến trên đoạn dài 1 đơn vị','$m \\leq -\\frac{15}{4}$','$m = -\\frac{15}{4}$','$m \\leq 1$','$m = 1$','B','hamso','dondieu','2','NULL','12','0');
INSERT INTO `danhgiakienthuc`.`table_hamso` (`id`, `noidung`, `dapanA`, `dapanB`, `dapanC`, `dapanD`, `dapan`, `dangtoan`, `dangbt`, `dokho`, `dophancach`, `malop`, `hinh`) VALUES ('HS058','Cho hàm số $y=f(x)$ xác định, liên tục trên  $\\mathbb{R}$ và có bảng biến thiên ( hình vẽ ), Khẳng định nào sau đây là khẳng định đúng : ','Hàm số có đúng một cực trị','Hàm số có giá trị cực tiểu bằng 1','Hàm số có giá trị lớn nhất bằng 0 và giá trị nhỏ nhất bằng 1','Hàm số đạt cực đại tại $x=0$ và đạt cực tiểu tại $x=1$.','D','hamso','cuctri','0','NULL','12','1');
INSERT INTO `danhgiakienthuc`.`table_hamso` (`id`, `noidung`, `dapanA`, `dapanB`, `dapanC`, `dapanD`, `dapan`, `dangtoan`, `dangbt`, `dokho`, `dophancach`, `malop`, `hinh`) VALUES ('HS059','Tìm giá trị cực đại $Y_{max}$ của hàm số $y=x^3-3x+2$','$Y_{CĐ}=4$','$Y_{CĐ}=1$','$Y_{CĐ}=0$','$Y_{CĐ}=-1$','A','hamso','cuctri','1','NULL','12','0');
INSERT INTO `danhgiakienthuc`.`table_hamso` (`id`, `noidung`, `dapanA`, `dapanB`, `dapanC`, `dapanD`, `dapan`, `dangtoan`, `dangbt`, `dokho`, `dophancach`, `malop`, `hinh`) VALUES ('HS060','Tìm tất cả các giá trị thực của tham số $m$  sao cho đồ thị của hàm số $y=x^4+2mx^2+1$ có ba điểm cực trị tạo thành một tam giác vuông cân.','$m=-\\dfrac{1}{\\sqrt[3]{9}}$','$m=-1$','$m=\\dfrac{1}{\\sqrt[3]{9}}$','$m=1$','B','hamso','cuctri','2','NULL','12','0');
INSERT INTO `danhgiakienthuc`.`table_hamso` (`id`, `noidung`, `dapanA`, `dapanB`, `dapanC`, `dapanD`, `dapan`, `dangtoan`, `dangbt`, `dokho`, `dophancach`, `malop`, `hinh`) VALUES ('HS061','Cho hàm số $y=f(x)$ xác định, liên tục trên đoạn $\\left[-2;2\\right]$ và có đồ thị là đường cong như hình vẽ. Hàm số $f(x)$ đạt cực đại tại điểm nào dưới đây?','$x=-2$','$x=-1$','$x=1$','$x=2$','B','hamso','cuctri','1','NULL','12','1');
INSERT INTO `danhgiakienthuc`.`table_hamso` (`id`, `noidung`, `dapanA`, `dapanB`, `dapanC`, `dapanD`, `dapan`, `dangtoan`, `dangbt`, `dokho`, `dophancach`, `malop`, `hinh`) VALUES ('HS062','Cho hàm số $\\frac{x^3+3}{x+1}$. Mệnh đề nào dưới đây đúng?','Cực tiểu của hàm số bằng -3','Cực tiểu của hàm số bằng 1','Cực tiểu của hàm số bằng -6','Cực tiểu của hàm số bằng 2','D','hamso','cuctri','0','NULL','12','0');
INSERT INTO `danhgiakienthuc`.`table_hamso` (`id`, `noidung`, `dapanA`, `dapanB`, `dapanC`, `dapanD`, `dapan`, `dangtoan`, `dangbt`, `dokho`, `dophancach`, `malop`, `hinh`) VALUES ('HS063','Một vật chuyển động theo quy luật $s=-\\frac{1}{2}t^3+9t^2$, với $t$ (giây) là khoảng thời gian tính từ lúc vật bắt đầu chuyển động và $s$ (mét) là quãng đường vật đi được trong khoảng thời gian đó. Hỏi trong khoảng thời gian 10 giây, kể từ lúc bắt đầu chuyển động, vận tốc lớn nhất của vật đạt được là bao nhiêu?','216 m/s','30 m/s','400 m/s','54 m/s','D','hamso','cuctri','2','NULL','12','0');
INSERT INTO `danhgiakienthuc`.`table_hamso` (`id`, `noidung`, `dapanA`, `dapanB`, `dapanC`, `dapanD`, `dapan`, `dangtoan`, `dangbt`, `dokho`, `dophancach`, `malop`, `hinh`) VALUES ('HS064','Biết $M(0;2)$ và $N(2;-2)$ là các điểm cực trị của đồ thị hàm số $y=ax^3+bx^2+cx+d$. Tính giá trị của hàm số tại $x=-2$.','$y(-2)=2$','$y(-2)=22','$y(-2)=6$','$y(-2)=-18$','D','hamso','cuctri','1','NULL','12','0');
INSERT INTO `danhgiakienthuc`.`table_hamso` (`id`, `noidung`, `dapanA`, `dapanB`, `dapanC`, `dapanD`, `dapan`, `dangtoan`, `dangbt`, `dokho`, `dophancach`, `malop`, `hinh`) VALUES ('HS065','Với điều kiện nào của $m$ thì hàm số $y=-x^3+(m+1)x^2-2m+1$ đạt cực đại tại $x=2$','$m=0$','$m=1$','$m=2$','$m=3$','C','hamso','cuctri','0','NULL','12','0');
INSERT INTO `danhgiakienthuc`.`table_hamso` (`id`, `noidung`, `dapanA`, `dapanB`, `dapanC`, `dapanD`, `dapan`, `dangtoan`, `dangbt`, `dokho`, `dophancach`, `malop`, `hinh`) VALUES ('HS066','Giả sử đồ thị hàm số $y=x^3-3mx^2+3(m+6)x+1$ có hai cực trị. Khi đó đường thẳng qua hai điểm cực trị có phương trình là:','$y=2x+m^2+6m+1$','$y=2(-m^2+m+6)x+m^2+6m+1$','$y=-2x+m^2+6m+1$','Tất cả đều sai','B','hamso','cuctri','1','NULL','12','0');
INSERT INTO `danhgiakienthuc`.`table_hamso` (`id`, `noidung`, `dapanA`, `dapanB`, `dapanC`, `dapanD`, `dapan`, `dangtoan`, `dangbt`, `dokho`, `dophancach`, `malop`, `hinh`) VALUES ('HS067','Với giá trị nào của $m$ thì đồ thị hàm số $y=x^4-2m^2x^2+1$ có ba cực trị tạo thành tam giác vuông cân','$m=0$','$m=1$','$m=1$ hay $m=-1$','$m=2$ hay $m=-2$','C','hamso','cuctri','2','NULL','12','0');
INSERT INTO `danhgiakienthuc`.`table_hamso` (`id`, `noidung`, `dapanA`, `dapanB`, `dapanC`, `dapanD`, `dapan`, `dangtoan`, `dangbt`, `dokho`, `dophancach`, `malop`, `hinh`) VALUES ('HS068','Hàm số $y=x^4+x^2+1$ có bao nhiêu cực trị?','0','1','2','3','B','hamso','cuctri','0','NULL','12','0');
INSERT INTO `danhgiakienthuc`.`table_hamso` (`id`, `noidung`, `dapanA`, `dapanB`, `dapanC`, `dapanD`, `dapan`, `dangtoan`, `dangbt`, `dokho`, `dophancach`, `malop`, `hinh`) VALUES ('HS069','Với giá trị nào của $m$ thì đồ thị hàm số $y=2x^3+3(m-1)x^2+6(m-2)x-1$ có cực đại, cực tiểu thỏa mãn $\\left|x_{CĐ}+x_{CT}\\right|=2$','$m=1$','$m=2$','$m=-1$','$m=-2$','C','hamso','cuctri','1','NULL','12','0');
INSERT INTO `danhgiakienthuc`.`table_hamso` (`id`, `noidung`, `dapanA`, `dapanB`, `dapanC`, `dapanD`, `dapan`, `dangtoan`, `dangbt`, `dokho`, `dophancach`, `malop`, `hinh`) VALUES ('HS070','Hàm số $y=x^5-2x^3+1$ có bao nhiêu cực trị?','1','2','3','4','B','hamso','cuctri','0','NULL','12','0');
INSERT INTO `danhgiakienthuc`.`table_hamso` (`id`, `noidung`, `dapanA`, `dapanB`, `dapanC`, `dapanD`, `dapan`, `dangtoan`, `dangbt`, `dokho`, `dophancach`, `malop`, `hinh`) VALUES ('HS071','Tìm $m$ để hàm số $y=mx^3-(m^2+1)x^2+2x-3$ đạt cực tiểu tại $x=1$?','$m=0$','$m=-1$','$m=2$','$m=\\frac{3}{2}$','D','hamso','cuctri','0','NULL','12','0');
INSERT INTO `danhgiakienthuc`.`table_hamso` (`id`, `noidung`, `dapanA`, `dapanB`, `dapanC`, `dapanD`, `dapan`, `dangtoan`, `dangbt`, `dokho`, `dophancach`, `malop`, `hinh`) VALUES ('HS072','Tìm $m$ để hàm số $y=x^4-2mx^2+2$ có 3 điểm cực trị là 3 đỉnh của một tam giác vuông cân?','$m=-4$','$m=-1$','$m=1$','$m=3$','C','hamso','cuctri','2','NULL','12','0');
INSERT INTO `danhgiakienthuc`.`table_hamso` (`id`, `noidung`, `dapanA`, `dapanB`, `dapanC`, `dapanD`, `dapan`, `dangtoan`, `dangbt`, `dokho`, `dophancach`, `malop`, `hinh`) VALUES ('HS073','Khoảng cách giữa hai điểm cực đại và cực tiểu của hàm số $y=(x+1)(x-2)^2$ là:','$2\\sqrt{5}$','2','4','$5\\sqrt{2}$','A','hamso','cuctri','1','NULL','12','0');
INSERT INTO `danhgiakienthuc`.`table_hamso` (`id`, `noidung`, `dapanA`, `dapanB`, `dapanC`, `dapanD`, `dapan`, `dangtoan`, `dangbt`, `dokho`, `dophancach`, `malop`, `hinh`) VALUES ('HS074','Đồ thị hàm số nào sau đây có 3 điểm cực trị','$y=2x^4+4x^2+1$','$y=-x^4-2x^2-1$','$y=x^4+2x^2-1$','$y=x^4-2x^2-1$','D','hamso','cuctri','0','NULL','12','0');
INSERT INTO `danhgiakienthuc`.`table_hamso` (`id`, `noidung`, `dapanA`, `dapanB`, `dapanC`, `dapanD`, `dapan`, `dangtoan`, `dangbt`, `dokho`, `dophancach`, `malop`, `hinh`) VALUES ('HS075','Cho hàm số $y=x^3-3x^2+2$. Đường thẳng đi qua 2 điểm cực trị của đồ thị hàm số đã cho phương trình là:','$y=-x+1$','$y=-2x+2$','$y=2x-2$','$y=x-1$','B','hamso','cuctri','1','NULL','12','0');
INSERT INTO `danhgiakienthuc`.`table_hamso` (`id`, `noidung`, `dapanA`, `dapanB`, `dapanC`, `dapanD`, `dapan`, `dangtoan`, `dangbt`, `dokho`, `dophancach`, `malop`, `hinh`) VALUES ('HS076','Cho hàm số $y=f(x)=(m+1)x^4-(3-2m)x^2+1$. Hàm số $f(x)$ có đúng một cực đại khi và chỉ khi:','$m=-1$','$-1 \\leq m \\leq \\frac{3}{2}$','$m < \\frac{3}{2}$','$m \\ge \\frac{3}{2}$','C','hamso','cuctri','1','NULL','12','0');
INSERT INTO `danhgiakienthuc`.`table_hamso` (`id`, `noidung`, `dapanA`, `dapanB`, `dapanC`, `dapanD`, `dapan`, `dangtoan`, `dangbt`, `dokho`, `dophancach`, `malop`, `hinh`) VALUES ('HS077','Cho hàm số $f$ có đạo hàm là $f''(x)=x(x+1)^2(x-1)^4$, số điểm cực tiểu của hàm số $f$ là:','1','2','3','0','A','hamso','cuctri','2','NULL','12','0');
INSERT INTO `danhgiakienthuc`.`table_hamso` (`id`, `noidung`, `dapanA`, `dapanB`, `dapanC`, `dapanD`, `dapan`, `dangtoan`, `dangbt`, `dokho`, `dophancach`, `malop`, `hinh`) VALUES ('HS078','Cho hàm số $y=\\frac{(m-1)x^3}{3}+(m-1)x^2+4x-1$. Hàm số đã cho đạt cực tiểu tại $x_{1}$, đạt cực đại tại $x_{2}$, đồng thời $x_{1}<x_{2}$ khi và chỉ khi:','$m>5$','$\\left[m=1 \\\\ m=5$','$\\left[m<1 \\\\ m>5$','$m<1$','D','hamso','cuctri','1','NULL','12','0');
INSERT INTO `danhgiakienthuc`.`table_hamso` (`id`, `noidung`, `dapanA`, `dapanB`, `dapanC`, `dapanD`, `dapan`, `dangtoan`, `dangbt`, `dokho`, `dophancach`, `malop`, `hinh`) VALUES ('HS079','Cho hàm số $y=\\frac{(m-1)}{3}x^3+x^2+(m-1)x+3$. Tập hợp tất cả các giá trị của tham số $m$ để hàm số đã cho không có cực trị là:','${1}$','$[0;2]$','$[0;2] \\ {1}$','$\\left(-\\infty;0\\right] \\cup \\left[2;+\\infty\\right)$','D','hamso','cuctri','1','NULL','12','0');
INSERT INTO `danhgiakienthuc`.`table_hamso` (`id`, `noidung`, `dapanA`, `dapanB`, `dapanC`, `dapanD`, `dapan`, `dangtoan`, `dangbt`, `dokho`, `dophancach`, `malop`, `hinh`) VALUES ('HS080','Cho hàm số $y=\\frac{x^3}{3}-2x^2+3x+\\frac{2}{3}$. Tọa độ điểm cực đại của hàm số là','$(-1;2)$','$\\left(3;\\frac{2}{3}\\right)$','$(1;-2)$','$(1;2)$','D','hamso','cuctri','0','NULL','12','0');
INSERT INTO `danhgiakienthuc`.`table_hamso` (`id`, `noidung`, `dapanA`, `dapanB`, `dapanC`, `dapanD`, `dapan`, `dangtoan`, `dangbt`, `dokho`, `dophancach`, `malop`, `hinh`) VALUES ('HS081','Cho hàm số $y=x^3-3mx^2+4m^3$ với giá trị nào của $m$ thì hàm số có hai điểm cực trị A,B thỏa mãn $AB=\\sqrt{20}$','$m=1$ và $m=-1$','$m=2$ và $m=-2$','$m=1$; $m=2$','$m=1$','A','hamso','cuctri','1','NULL','12','0');
INSERT INTO `danhgiakienthuc`.`table_hamso` (`id`, `noidung`, `dapanA`, `dapanB`, `dapanC`, `dapanD`, `dapan`, `dangtoan`, `dangbt`, `dokho`, `dophancach`, `malop`, `hinh`) VALUES ('HS082','Cho hàm số $y=-\\frac{1}{3}x^3+4x^2-5x-17$. Hai điểm cực trị của hàm số có hoành độ là $x_{1}$ và $x_{2}$. Khi đó tích $x_{1}x_{2}=?$','8','-8','-5','5','C','hamso','cuctri','0','NULL','12','0');
INSERT INTO `danhgiakienthuc`.`table_hamso` (`id`, `noidung`, `dapanA`, `dapanB`, `dapanC`, `dapanD`, `dapan`, `dangtoan`, `dangbt`, `dokho`, `dophancach`, `malop`, `hinh`) VALUES ('HS083','Biết rằng đường thẳng $y=-2x+2$ cắt đồ thị hàm số $y=x^3+x+2$ tại điểm duy nhất; kí hiệu $(x_o ; y_o)$ là tọa độ của điểm đó. Tìm $y_o$ . ','$y_o = 4$','$y_o =0$','$y_o = 2$','$y_o = -1$','C','hamso','tuonggiao','1','NULL','12','0');
INSERT INTO `danhgiakienthuc`.`table_hamso` (`id`, `noidung`, `dapanA`, `dapanB`, `dapanC`, `dapanD`, `dapan`, `dangtoan`, `dangbt`, `dokho`, `dophancach`, `malop`, `hinh`) VALUES ('HS084','Đồ thị của hàm số $y=x^4-2x^2+2$ và đồ thị của hàm số $y=-x^2+4$ có tất cả bao nhiêu điểm chung?','0','4','1','2','D','hamso','tuonggiao','0','NULL','12','0');
INSERT INTO `danhgiakienthuc`.`table_hamso` (`id`, `noidung`, `dapanA`, `dapanB`, `dapanC`, `dapanD`, `dapan`, `dangtoan`, `dangbt`, `dokho`, `dophancach`, `malop`, `hinh`) VALUES ('HS085','Cho hàm số $y=f(x)$ xác định trên $\\mathbb{R}$ \\ {0}, liên tục trên mỗi khoảng và có bảng biến thiên (hình vẽ). Tìm tập hợp tất cả các giá trị của tham số $m$ sao cho phương trình $f(x)=m$ có 3 nghiệm thực phân biệt','$\\left[-1,2\\right]$','$\\left(-1,2\\right)$','$\\left(-1,2\\right]$','$\\left[-\\infty,2\\right]$','B','hamso','tuonggiao','1','NULL','12','1');
INSERT INTO `danhgiakienthuc`.`table_hamso` (`id`, `noidung`, `dapanA`, `dapanB`, `dapanC`, `dapanD`, `dapan`, `dangtoan`, `dangbt`, `dokho`, `dophancach`, `malop`, `hinh`) VALUES ('HS086','Tọa độ giao điểm giữa đồ thị hàm số $(C): y=\\frac{2x-1}{x+2}$ và đường thẳng $d: y=x-2$ là:','$(1;-1);(0;-2)$','$(-1;3);(3;1)$','$(-1;-3);(0;-2)$','$(1;-1);(3;1)$','B','hamso','tuonggiao','0','NULL','12','0');
INSERT INTO `danhgiakienthuc`.`table_hamso` (`id`, `noidung`, `dapanA`, `dapanB`, `dapanC`, `dapanD`, `dapan`, `dangtoan`, `dangbt`, `dokho`, `dophancach`, `malop`, `hinh`) VALUES ('HS087','Cho phương trình $x^3-3x+1-m=0$. Với giá trị nào của $m$ thì phương trình đã cho có 3 nghiệm phân biệt:','$m=1$','$m<1$ v $m>1$','$m<1$','$-1 < m < 1$','D','hamso','tuonggiao','0','NULL','12','0');
INSERT INTO `danhgiakienthuc`.`table_hamso` (`id`, `noidung`, `dapanA`, `dapanB`, `dapanC`, `dapanD`, `dapan`, `dangtoan`, `dangbt`, `dokho`, `dophancach`, `malop`, `hinh`) VALUES ('HS088','Cho phương trình $4x^3-3x+m=0$. Với giá trị nào của $m$ thì phương trình đã cho có hai nghiệm phân biệt:','$m=1 v m=-1$','$m=1 v m=0$','$m=2 v m=-2$','$m=0 v m=-2$','A','hamso','tuonggiao','1','NULL','12','0');
INSERT INTO `danhgiakienthuc`.`table_hamso` (`id`, `noidung`, `dapanA`, `dapanB`, `dapanC`, `dapanD`, `dapan`, `dangtoan`, `dangbt`, `dokho`, `dophancach`, `malop`, `hinh`) VALUES ('HS089','Cho phương trình $-x^4+4x^2-3-m=0$. Với giá trị nào của $m$ thì phương trình đã cho có 4 nghiệm phân biệt:','$1<m<2$','$-1<m<2$','$-3<m<1$','$1<m<3$','C','hamso','tuonggiao','0','NULL','12','0');
INSERT INTO `danhgiakienthuc`.`table_hamso` (`id`, `noidung`, `dapanA`, `dapanB`, `dapanC`, `dapanD`, `dapan`, `dangtoan`, `dangbt`, `dokho`, `dophancach`, `malop`, `hinh`) VALUES ('HS090','Cho hàm số $(C): y=x^3-2x^2+(1-m)x+m$. Với giá trị nào của $m$ thì đồ thị hàm số đã cho cắt trục hoành tại 3 điểm phân biệt có hoành độ $x_{1},x_{2},x_{3}$ thỏa mãn $x_{1}^2+x_{2}^2+x_{3}^2<4$','$m \\in \\left(-\\infty;1\\right)$','$m \\in \\left(-\\frac{1}{4};1\\right) \\ {0}$','$m \\in \\left(-\\frac{1}{4};1\\right)$','$m \\in \\left(\\frac{1}{4};1\\right)$','B','hamso','tuonggiao','2','NULL','12','0');
INSERT INTO `danhgiakienthuc`.`table_hamso` (`id`, `noidung`, `dapanA`, `dapanB`, `dapanC`, `dapanD`, `dapan`, `dangtoan`, `dangbt`, `dokho`, `dophancach`, `malop`, `hinh`) VALUES ('HS091','Cho hàm số $(C): y=x^3-3x^2-9x+m$. Với giá trị nào của $m$ thì $(C)$ cắt trục hoành tại 3 điểm phân biệt có hoành độ lập thành cấp số cộng:','$m=1$','$m=12$','$m=2$','$m=11$','D','hamso','tuonggiao','2','NULL','12','0');
INSERT INTO `danhgiakienthuc`.`table_hamso` (`id`, `noidung`, `dapanA`, `dapanB`, `dapanC`, `dapanD`, `dapan`, `dangtoan`, `dangbt`, `dokho`, `dophancach`, `malop`, `hinh`) VALUES ('HS092','Cho phương trình $x^3-(2m_{0}+1)x^2-9x=0 (*)$. Trong đó $m_{0}$ là giá trị tham số thỏa mãn điều kiện phương trình $(*)$ có 3 nghiệm lập thành cấp số cộng. Chọn khoảng chứa $m_{0}$ đúng nhất:','$2<m_{0}<3$','$-1<m_{0}<0$','$1<m_{0}<2$','$-2<m_{0}<-1$','B','hamso','tuonggiao','2','NULL','12','0');
INSERT INTO `danhgiakienthuc`.`table_hamso` (`id`, `noidung`, `dapanA`, `dapanB`, `dapanC`, `dapanD`, `dapan`, `dangtoan`, `dangbt`, `dokho`, `dophancach`, `malop`, `hinh`) VALUES ('HS093','Cho phương trình $x^3-(3m+1)x^2+(5m+4)x-8=0 (*)$. Có tất cả bao nhiêu giá trị $m$ để phương trình $(*)$ có 3 nghiệm lập thành cấp số nhân','0','1','2','vô số','B','hamso','tuonggiao','2','NULL','12','0');
INSERT INTO `danhgiakienthuc`.`table_hamso` (`id`, `noidung`, `dapanA`, `dapanB`, `dapanC`, `dapanD`, `dapan`, `dangtoan`, `dangbt`, `dokho`, `dophancach`, `malop`, `hinh`) VALUES ('HS094','Cho hàm số $(C): y=-x^3+6x+2$ và đường thẳng $d: y=mx-m-1$. Với giá trị nào của $m$ thì đường thẳng $d$ cắt đồ thị $(C)$ tại 3 điểm phân biệt $A,B,C$ sao cho tổng hệ số góc các tiếp tuyến với $(C)$ tại $A,B,C$ bằng $-6$','$m=-3$','$m=-1$','$m=1$','$m=2$','C','hamso','tuonggiao','2','NULL','12','0');
INSERT INTO `danhgiakienthuc`.`table_hamso` (`id`, `noidung`, `dapanA`, `dapanB`, `dapanC`, `dapanD`, `dapan`, `dangtoan`, `dangbt`, `dokho`, `dophancach`, `malop`, `hinh`) VALUES ('HS095','Cho hàm số $(C): y=\\frac{2x+3}{x+2}$ và đường thẳng $d: y=-2x+m$. Với giá trị nào của $m$ thì $d$ cắt đồ thị $(C)$ tại hai điểm phân biệt $A$ và $B$ thỏa mãn biểu thức $P=(k_{1})^2018+(k_{2})^2018$ đạt giá trị nhỏ nhất ($k_{1}, k_{2}$ lần lượt là hệ số góc tiếp tuyến tại $A$ và $B$):','$m=-2$','$m=2$','$m=-3$','$m=-1$','A','hamso','tuonggiao','3','NULL','12','0');
INSERT INTO `danhgiakienthuc`.`table_hamso` (`id`, `noidung`, `dapanA`, `dapanB`, `dapanC`, `dapanD`, `dapan`, `dangtoan`, `dangbt`, `dokho`, `dophancach`, `malop`, `hinh`) VALUES ('HS096','Cho hàm số $(C): y=\\frac{x+2}{x+1}$ và đường thẳng $d: y=-\\frac{1}{2}x+m$. Với giá trị nào của $m$ thì $d$ cắt $(C)$ tại hai điểm nằm về hai phía của trục tung:','$m>1$','$m>2$','$m<3$','$m<4$','B','hamso','tuonggiao','2','NULL','12','0');
INSERT INTO `danhgiakienthuc`.`table_hamso` (`id`, `noidung`, `dapanA`, `dapanB`, `dapanC`, `dapanD`, `dapan`, `dangtoan`, `dangbt`, `dokho`, `dophancach`, `malop`, `hinh`) VALUES ('HS097','Cho hàm số $(C): y=\\frac{x+1}{2x-1}$ và đường thẳng $d: y=-x+2m$. Với giá trị nào của $m$ thì $d$ cắt $(C)$ tại hai điểm phân biệt $A$ và $B$ sao cho độ dài $AB$ ngắn nhất:','$m=\\frac{1}{2}$','$m=\\frac{3}{2}$','$m=\\frac{5}{2}$','$m=\\frac{7}{2}$','A','hamso','tuonggiao','3','NULL','12','0');
INSERT INTO `danhgiakienthuc`.`table_hamso` (`id`, `noidung`, `dapanA`, `dapanB`, `dapanC`, `dapanD`, `dapan`, `dangtoan`, `dangbt`, `dokho`, `dophancach`, `malop`, `hinh`) VALUES ('HS098','Cho hàm số $(C): y=\\frac{2x+1}{x+1}$ và đường thẳng $d: y=x+m$. Với những giá trị nào của $m$ thì $d$ cắt $(C)$ tại hai điểm phân biệt $A$ và $B$ sao cho tam giác $OAB$ vuông tại $O$, với $O$ là gốc tọa độ:','$m=-1$','$m=-2$','$m=\\frac{2}{3}$','$m=-\\frac{2}{3}$','B','hamso','tuonggiao','2','NULL','12','0');
INSERT INTO `danhgiakienthuc`.`table_hamso` (`id`, `noidung`, `dapanA`, `dapanB`, `dapanC`, `dapanD`, `dapan`, `dangtoan`, `dangbt`, `dokho`, `dophancach`, `malop`, `hinh`) VALUES ('HS099','Cho hàm số $(C): y=\\frac{x-1}{1-2x}$ và đường thẳng $d: y=x+m$. Với những giá trị nào của $m$ thì $d$ cắt $(C)$ tại hai điểm phân biệt $A$ và $B$ sao cho $AB=\\left|\\vec{OA}+\\vec{OB}\\right|$, với $O$ là gốc tọa độ:','$m=-1$','$m=-2$','$m=\\frac{2}{3}$','$m=-\\frac{2}{3}$','A','hamso','tuonggiao','3','NULL','12','0');
INSERT INTO `danhgiakienthuc`.`table_hamso` (`id`, `noidung`, `dapanA`, `dapanB`, `dapanC`, `dapanD`, `dapan`, `dangtoan`, `dangbt`, `dokho`, `dophancach`, `malop`, `hinh`) VALUES ('HS100','Cho phương trình $x^3-3x^2+3m-1=0$. Với giá trị nào của $m$ thì phương trình đã cho có 3 nghiệm phân biệt trong đó có đúng 2 nghiệm có hoành độ lớn hơn 1','$\\frac{1}{3} < m < 3$','$1 < m < \\frac{5}{3}$','$2 < m < \\frac{7}{3}$','$-2 < m < \\frac{4}{3}$','B','hamso','tuonggiao','3','NULL','12','0');
INSERT INTO `danhgiakienthuc`.`table_hamso` (`id`, `noidung`, `dapanA`, `dapanB`, `dapanC`, `dapanD`, `dapan`, `dangtoan`, `dangbt`, `dokho`, `dophancach`, `malop`, `hinh`) VALUES ('HS101','Cho phương trình $2x^3-3x^2+2-2^{1-2m}=0$. Với giá trị nào của $m$ thì phương trình đã cho có 3 nghiệm phân biệt:','$\\frac{1}{3} < m < 4$','$1 < m < \\frac{3}{2}$','$0 < m < \\frac{1}{2}$','$-1 < m < \\frac{3}{4}$','C','hamso','tuonggiao','1','NULL','12','0');
INSERT INTO `danhgiakienthuc`.`table_hamso` (`id`, `noidung`, `dapanA`, `dapanB`, `dapanC`, `dapanD`, `dapan`, `dangtoan`, `dangbt`, `dokho`, `dophancach`, `malop`, `hinh`) VALUES ('HS102','Tìm giá trị nhỏ nhất của hàm số$y=\\dfrac{x^2+3}{x-1}$ trên đoạn $\\left[2;4\\right]$','$\\displaystyle \\min_{\\left[2;4\\right]} y =6$','$\\displaystyle \\min_{\\left[2;4\\right]} y = -2$','$\\displaystyle \\min_{\\left[2;4\\right]} y = -3$','$\\displaystyle \\min_{\\left[2;4\\right]} y = \\dfrac{19}{3}$','A','hamso','gtlnnn','1','NULL','12','0');
INSERT INTO `danhgiakienthuc`.`table_hamso` (`id`, `noidung`, `dapanA`, `dapanB`, `dapanC`, `dapanD`, `dapan`, `dangtoan`, `dangbt`, `dokho`, `dophancach`, `malop`, `hinh`) VALUES ('HS103','Tìm $m$ để hàm số $y=\\frac{mx}{x^2+1}$ đạt giá trị lớn nhất tại $x=1$ trên đoạn $[-2;2]$?','$m<0$','$m=2$','$m>0$','$m=-2$','C','hamso','gtlnnn','1','NULL','12','0');
INSERT INTO `danhgiakienthuc`.`table_hamso` (`id`, `noidung`, `dapanA`, `dapanB`, `dapanC`, `dapanD`, `dapan`, `dangtoan`, `dangbt`, `dokho`, `dophancach`, `malop`, `hinh`) VALUES ('HS104','Tìm giá trị nhỏ nhất của hàm số $y=log_{2}^2x-4log_{2}x+1$ trên đoạn $[1;8]$','-2','1','-3','Đáp án khác','C','hamso','gtlnnn','1','NULL','12','0');
INSERT INTO `danhgiakienthuc`.`table_hamso` (`id`, `noidung`, `dapanA`, `dapanB`, `dapanC`, `dapanD`, `dapan`, `dangtoan`, `dangbt`, `dokho`, `dophancach`, `malop`, `hinh`) VALUES ('HS105','Cho hàm số $y=f(x)=\\sqrt{3x+1}{\\sqrt{x^2+1}}$, giá trị lớn nhất của $f(x)$ trên tập xác định của nó là:','2','4','$2\\sqrt{2}$','$\\sqrt{10}$','D','hamso','gtlnnn','1','NULL','12','0');
INSERT INTO `danhgiakienthuc`.`table_hamso` (`id`, `noidung`, `dapanA`, `dapanB`, `dapanC`, `dapanD`, `dapan`, `dangtoan`, `dangbt`, `dokho`, `dophancach`, `malop`, `hinh`) VALUES ('HS106','Giá trị lớn nhất của hàm số $y=cosx+\\sqrt{2-cos^2x}$ bằng','3','1','$\\sqrt{2}$','2','D','hamso','gtlnnn','1','NULL','12','0');
INSERT INTO `danhgiakienthuc`.`table_hamso` (`id`, `noidung`, `dapanA`, `dapanB`, `dapanC`, `dapanD`, `dapan`, `dangtoan`, `dangbt`, `dokho`, `dophancach`, `malop`, `hinh`) VALUES ('HS107','Nếu $(x;y)$ là nghiệm của phương trình $x^2y-x^2+2xy-x+2y-1=0$ thì giá trị lớn nhất của $y$ là:','$\\frac{3}{2}$','1','3','2','A','hamso','gtlnnn','1','NULL','12','0');
INSERT INTO `danhgiakienthuc`.`table_hamso` (`id`, `noidung`, `dapanA`, `dapanB`, `dapanC`, `dapanD`, `dapan`, `dangtoan`, `dangbt`, `dokho`, `dophancach`, `malop`, `hinh`) VALUES ('HS108','Giá trị lớn nhất của hàm số $y=\\frac{sinx+cosx-1}{sinx-cosx+3}$ bằng','$\\frac{\\sqrt{2}-1}{-\\sqrt{2}+3}$','$\\frac{1}{7}$','$\\frac{1}{4}$','1','B','hamso','gtlnnn','2','NULL','12','0');
INSERT INTO `danhgiakienthuc`.`table_hamso` (`id`, `noidung`, `dapanA`, `dapanB`, `dapanC`, `dapanD`, `dapan`, `dangtoan`, `dangbt`, `dokho`, `dophancach`, `malop`, `hinh`) VALUES ('HS109','Giá trị nhỏ nhất của hàm số $y=1+sinx-\\frac{4}{3}sin^3x$ trên khoảng $\\left(-\\frac{\\pi}{2};\\frac{\\pi}{2}\\right)$ bằng','0','$\\frac{2}{3}$','-2','$\\frac{4}{3}$','B','hamso','gtlnnn','2','NULL','12','0');
INSERT INTO `danhgiakienthuc`.`table_hamso` (`id`, `noidung`, `dapanA`, `dapanB`, `dapanC`, `dapanD`, `dapan`, `dangtoan`, `dangbt`, `dokho`, `dophancach`, `malop`, `hinh`) VALUES ('HS110','Trên khoảng $(0;\\infty)$ thì hàm số $y=-x^3+3x+1$:','Có giá trị nhỏ nhất $Min y=3$','Có giá trị lớn nhất $Max y=-1$','Có giá trị nhỏ nhất $Min y=-1$','Có giá trị lớn nhất $Min y=3$','D','hamso','gtlnnn','1','NULL','12','0');
INSERT INTO `danhgiakienthuc`.`table_hamso` (`id`, `noidung`, `dapanA`, `dapanB`, `dapanC`, `dapanD`, `dapan`, `dangtoan`, `dangbt`, `dokho`, `dophancach`, `malop`, `hinh`) VALUES ('HS111','Hàm số $y=4\\sqrt{x^2-2x+3}+2x-x^2$ đạt giá trị lớn nhất tại hai giá trị $x$ mà tích của chúng là:','2','1','0','-1','D','hamso','gtlnnn','1','NULL','12','0');
INSERT INTO `danhgiakienthuc`.`table_hamso` (`id`, `noidung`, `dapanA`, `dapanB`, `dapanC`, `dapanD`, `dapan`, `dangtoan`, `dangbt`, `dokho`, `dophancach`, `malop`, `hinh`) VALUES ('HS112','Hàm số $y=\\left|3x^3+4x-1\\right|$ có giá trị nhỏ nhất trên $[0;2]$ bằng:','0','1','2','3','A','hamso','gtlnnn','1','NULL','12','0');
INSERT INTO `danhgiakienthuc`.`table_hamso` (`id`, `noidung`, `dapanA`, `dapanB`, `dapanC`, `dapanD`, `dapan`, `dangtoan`, `dangbt`, `dokho`, `dophancach`, `malop`, `hinh`) VALUES ('HS113','Gọi $M$ và $N$ lần lượt là giá trị nhỏ nhất và giá trị lớn nhất của hàm số $y=x^4-2x^2+3$ trên đoạn $[0;2]$. Tổng $M+N$ bằng bao nhiêu?','5','13','15','14','B','hamso','gtlnnn','0','NULL','12','0');
INSERT INTO `danhgiakienthuc`.`table_hamso` (`id`, `noidung`, `dapanA`, `dapanB`, `dapanC`, `dapanD`, `dapan`, `dangtoan`, `dangbt`, `dokho`, `dophancach`, `malop`, `hinh`) VALUES ('HS114','Gọi $M$ và $N$ lần lượt là giá trị nhỏ nhất và giá trị lớn nhất của hàm số $y=\\frac{2x^2+3x+3}{x+1}$ trên đoạn $[0;2]$. Khi đó:','$M=5, N=\\frac{17}{3}$','$M=\\frac{17}{3}; N=3$','$M=3, N=-frac{17}{3}$','$M=5; N=\\frac{4}{3}$','B','hamso','gtlnnn','1','NULL','12','0');
INSERT INTO `danhgiakienthuc`.`table_hamso` (`id`, `noidung`, `dapanA`, `dapanB`, `dapanC`, `dapanD`, `dapan`, `dangtoan`, `dangbt`, `dokho`, `dophancach`, `malop`, `hinh`) VALUES ('HS115','Gọi $M$ và $N$ lần lượt là giá trị nhỏ nhất và giá trị lớn nhất của hàm số $y=x+\\sqrt{4-x^2}$. Khi đó:','$M=2, N=-2$','$M=2\\sqrt{2}, N=-2$','$M=2\\sqrt{3}; N=2$','$M=3\\sqrt{2}; N=2\\sqrt{3}$','B','hamso','gtlnnn','1','NULL','12','0');
INSERT INTO `danhgiakienthuc`.`table_hamso` (`id`, `noidung`, `dapanA`, `dapanB`, `dapanC`, `dapanD`, `dapan`, `dangtoan`, `dangbt`, `dokho`, `dophancach`, `malop`, `hinh`) VALUES ('HS116','Trong các hàm số sau đây, hàm số nào tồn tại giá trị nhỏ nhất trên tập xác định của nó:','$y=x^3-2x+1$','$y=\\frac{2x-1}{x+2}$','$y=x^4-2x^2+2$','$y=\\frac{x^2-2x}{x-1}$','C','hamso','gtlnnn','0','NULL','12','0');
INSERT INTO `danhgiakienthuc`.`table_hamso` (`id`, `noidung`, `dapanA`, `dapanB`, `dapanC`, `dapanD`, `dapan`, `dangtoan`, `dangbt`, `dokho`, `dophancach`, `malop`, `hinh`) VALUES ('HS117','Cho hàm số $y=x^3-2mx^2-m+2$. Với những giá trị nào của $m$ thì hàm số đạt giá trị lớn nhất trên $[1;3]$ bằng $6$:','$m=-1$','$m \\in \\phi$','$m=-1 v m=\\frac{5}{7}$','$m=\\frac{5}{7}$','D','hamso','gtlnnn','3','NULL','12','0');
INSERT INTO `danhgiakienthuc`.`table_hamso` (`id`, `noidung`, `dapanA`, `dapanB`, `dapanC`, `dapanD`, `dapan`, `dangtoan`, `dangbt`, `dokho`, `dophancach`, `malop`, `hinh`) VALUES ('HS118','Cho hàm số $(C): y=3sinx+4cosx$. Tìm miền giá trị của hàm số $(C)$','$1 \\leq y \\leq 2$','$-5 \\leq y \\leq 5$','$-2 \\leq y \\leq 2$','$-3 \\leq y \\leq 3$','B','hamso','gtlnnn','2','NULL','12','0');
INSERT INTO `danhgiakienthuc`.`table_hamso` (`id`, `noidung`, `dapanA`, `dapanB`, `dapanC`, `dapanD`, `dapan`, `dangtoan`, `dangbt`, `dokho`, `dophancach`, `malop`, `hinh`) VALUES ('HS119','Cho hàm số $y=\\frac{x^2-x+1}{x^2+x+1}$. Tìm miền giá trị của hàm số đã cho:','$\\frac{1}{2} \\leq y \\leq 3$','$\\frac{1}{3} \\leq y \\leq 3$','$\\frac{1}{3} \\leq y \\leq 1$','$-\\frac{1}{3} \\leq y \\leq 3$','B','hamso','gtlnnn','2','NULL','12','0');
INSERT INTO `danhgiakienthuc`.`table_hamso` (`id`, `noidung`, `dapanA`, `dapanB`, `dapanC`, `dapanD`, `dapan`, `dangtoan`, `dangbt`, `dokho`, `dophancach`, `malop`, `hinh`) VALUES ('HS120','Cho hàm số $y=\\frac{2cosx+sinx+3}{cosx+2sinx+3}$. Giá trị lớn nhất và nhỏ nhất của hàm số lần lượt là:','1;-1','2;1','2; $\\frac{1}{2}$','3; $-\\frac{1}{2}$','C','hamso','gtlnnn','2','NULL','12','0');
INSERT INTO `danhgiakienthuc`.`table_hamso` (`id`, `noidung`, `dapanA`, `dapanB`, `dapanC`, `dapanD`, `dapan`, `dangtoan`, `dangbt`, `dokho`, `dophancach`, `malop`, `hinh`) VALUES ('HS121','Tìm $m$ để mọi tiếp tuyến của đồ thị hàm số $y=x^3-mx^2-2mx+1$ đều là đồ thị của hàm số bậc nhất đồng biến.','$m=-6$','$m \\neq 0$','$0 < m <6$','$-6 < m < 0$','D','hamso','tieptuyen','3','NULL','12','0');
INSERT INTO `danhgiakienthuc`.`table_hamso` (`id`, `noidung`, `dapanA`, `dapanB`, `dapanC`, `dapanD`, `dapan`, `dangtoan`, `dangbt`, `dokho`, `dophancach`, `malop`, `hinh`) VALUES ('HS122','Viết phương trình tiếp tuyến của đồ thị hàm số $y=x^3-3x^2+7$ tại điểm có hoành độ bằng -1?','$y=9x+4$','$y=9x-6$','$y=9x+12$','$y=9x+18$','C','hamso','tieptuyen','0','NULL','12','0');
INSERT INTO `danhgiakienthuc`.`table_hamso` (`id`, `noidung`, `dapanA`, `dapanB`, `dapanC`, `dapanD`, `dapan`, `dangtoan`, `dangbt`, `dokho`, `dophancach`, `malop`, `hinh`) VALUES ('HS123','Qua điểm $\\left(\\frac{4}{9};\\frac{4}{3}\\right)$ kẻ được bao nhiêu tiếp tuyến đến đồ thị hàm số $y=\\frac{1}{3}x^3-2x^2+3x$','3','2','1','0','A','hamso','tieptuyen','1','NULL','12','0');
INSERT INTO `danhgiakienthuc`.`table_hamso` (`id`, `noidung`, `dapanA`, `dapanB`, `dapanC`, `dapanD`, `dapan`, `dangtoan`, `dangbt`, `dokho`, `dophancach`, `malop`, `hinh`) VALUES ('HS124','Tiếp tuyến của đồ thị hàm số $y=x^3-3x+2$ tại $A(0;2)$ có dạng:','$y=-3x+2$','$y=-3x$','$y=3x-2$','$y=-3x-2$','A','hamso','tieptuyen','0','NULL','12','0');
INSERT INTO `danhgiakienthuc`.`table_hamso` (`id`, `noidung`, `dapanA`, `dapanB`, `dapanC`, `dapanD`, `dapan`, `dangtoan`, `dangbt`, `dokho`, `dophancach`, `malop`, `hinh`) VALUES ('HS125','Phương trình tiếp tuyến của hàm số $y=\\frac{x-1}{x+2}$ tại điểm có hoành độ bằng -3 là:','$y=-3x-5$','$y=-3x+13$','$y=3x+13$','$y=3x+5$','C','hamso','tieptuyen','0','NULL','12','0');
INSERT INTO `danhgiakienthuc`.`table_hamso` (`id`, `noidung`, `dapanA`, `dapanB`, `dapanC`, `dapanD`, `dapan`, `dangtoan`, `dangbt`, `dokho`, `dophancach`, `malop`, `hinh`) VALUES ('HS126','Gọi $M \\in (C): y=\\frac{2x+1}{x-1}$ có tung độ bằng 5. Tiếp tuyến của $(C)$ tại $M$ cắt các trục tọa độ $Ox$ và $Oy$ lần lượt tại $A$ và $B$. Hãy tính diện tích tam giác $OAB$?','$\\frac{121}{6}$','$\\frac{119}{6}$','$\\frac{123}{6}$','$\\frac{125}{6}$','A','hamso','tieptuyen','2','NULL','12','0');
INSERT INTO `danhgiakienthuc`.`table_hamso` (`id`, `noidung`, `dapanA`, `dapanB`, `dapanC`, `dapanD`, `dapan`, `dangtoan`, `dangbt`, `dokho`, `dophancach`, `malop`, `hinh`) VALUES ('HS127','Tiếp tuyến của đồ thị hàm số $y=\\frac{x+1}{x-5}$ tại điểm $A(-1;0)$ có hệ số góc bằng:','$\\frac{-6}{25}$','$\\frac{6}{25}$','$\\frac{-1}{6}$','$\\frac{1}{6}$','C','hamso','tieptuyen','0','NULL','12','0');
INSERT INTO `danhgiakienthuc`.`table_hamso` (`id`, `noidung`, `dapanA`, `dapanB`, `dapanC`, `dapanD`, `dapan`, `dangtoan`, `dangbt`, `dokho`, `dophancach`, `malop`, `hinh`) VALUES ('HS128','Cho hàm số $y=\\frac{1}{3}x^3-x^2+1$ có đồ thị $(C)$. Đường thẳng nào sau đây là tiếp tuyến của $(C)$ và có hệ số góc nhỏ nhất?','$y=x+\\frac{1}{3}$','$y=-x+\\frac{4}{3}$','$y=-x-\\frac{4}{3}$','$y=x-\\frac{1}{3}$','B','hamso','tieptuyen','1','NULL','12','0');
INSERT INTO `danhgiakienthuc`.`table_hamso` (`id`, `noidung`, `dapanA`, `dapanB`, `dapanC`, `dapanD`, `dapan`, `dangtoan`, `dangbt`, `dokho`, `dophancach`, `malop`, `hinh`) VALUES ('HS129','Cho hàm số $y=x^4-2m^2x^2+2m+1$. Xác định $m$ để tiếp tuyến của đồ thị hàm số tại giao đểm của đồ thị với đường thẳng $(d): x=1$ song song với đường thẳng $(\\Delta): y=-12x+4$','1','3','-2;2','0','C','hamso','tieptuyen','2','NULL','12','0');
INSERT INTO `danhgiakienthuc`.`table_hamso` (`id`, `noidung`, `dapanA`, `dapanB`, `dapanC`, `dapanD`, `dapan`, `dangtoan`, `dangbt`, `dokho`, `dophancach`, `malop`, `hinh`) VALUES ('HS130','Những điểm trên đồ thị hàm số $y=\\frac{3x+2}[x+2}$ mà tại đó tiếp tuyến có hệ số góc bằng 4 là:','(1;1) (3;7)','(1;-1) (3;-7)','(-1;-1) (-3;7)','(-1;1) (-3;-7)','C','hamso','tieptuyen','0','NULL','12','0');
INSERT INTO `danhgiakienthuc`.`table_hamso` (`id`, `noidung`, `dapanA`, `dapanB`, `dapanC`, `dapanD`, `dapan`, `dangtoan`, `dangbt`, `dokho`, `dophancach`, `malop`, `hinh`) VALUES ('HS131','Số tiếp tuyến đi qua điểm $A(0;4)$ của đồ thị hàm số $y=(2-x^2)^2$ là','3','2','0','1','A','hamso','tieptuyen','0','NULL','12','0');
INSERT INTO `danhgiakienthuc`.`table_hamso` (`id`, `noidung`, `dapanA`, `dapanB`, `dapanC`, `dapanD`, `dapan`, `dangtoan`, `dangbt`, `dokho`, `dophancach`, `malop`, `hinh`) VALUES ('HS132','Đồ thị hàm số $y=\\frac{1}{3}x^3-4x^2+5$ có bao nhiêu tiếp tuyến song song với trục hoành','0','1','2','3','C','hamso','tieptuyen','1','NULL','12','0');
INSERT INTO `danhgiakienthuc`.`table_hamso` (`id`, `noidung`, `dapanA`, `dapanB`, `dapanC`, `dapanD`, `dapan`, `dangtoan`, `dangbt`, `dokho`, `dophancach`, `malop`, `hinh`) VALUES ('HS133','Cho hàm số $(C): y=\\frac{x^2-3x+4}{x-1}$. Biết tiếp tuyến $d$ của đồ thị hàm số $(C)$ vuông góc với đường thẳng $x-y+2017=0$. Tìm hoành độ tiếp điểm của tiếp tuyến $d$ với $(C)$:','$x=0 v x=-1$','$x=2 v x=-1$','$x=2 v x=0$','$x=3 v x=2$','A','hamso','tieptuyen','1','NULL','12','0');
INSERT INTO `danhgiakienthuc`.`table_hamso` (`id`, `noidung`, `dapanA`, `dapanB`, `dapanC`, `dapanD`, `dapan`, `dangtoan`, `dangbt`, `dokho`, `dophancach`, `malop`, `hinh`) VALUES ('HS134','Cho hàm số $(C): y=\\frac{6x+5}{x+1}$. Gọi $d$ là tiếp tuyến với đồ thị của hàm số $(C)$, biết $d$ cắt hai tiệm cận lần lượt tại $A$ và $B$ sao cho tam giác $IAB$ cân ($I$ là giao điểm của hai tiệm cận). Tìm tọa độ các tiếp điểm $M$ của $d$ và $(C)$','$M\\left(1;\\frac{11}{2}\\right); M\\left(-3;\\frac{13}{2}\\right)','$M\\left(2;\\frac{17}{3}\\right); M\\left(-2;-7\\right)','$M\\left(3;\\frac{23}{4}\\right); M\\left(-2;-7\\right)','$M\\left(-2;-7\\right); M\\left(-3;\\frac{13}{2}\\right)','C','hamso','tieptuyen','2','NULL','12','0');
INSERT INTO `danhgiakienthuc`.`table_hamso` (`id`, `noidung`, `dapanA`, `dapanB`, `dapanC`, `dapanD`, `dapan`, `dangtoan`, `dangbt`, `dokho`, `dophancach`, `malop`, `hinh`) VALUES ('HS135','Cho hàm số $(C): y=\\frac{2x+1}{x+2}$. Tìm hoành độ các tiếp điểm của tiếp tuyến $d$ với đồ thị $(C)$, biết $d$ cắt $Ox$ và $Oy$ theo thứ tự tại $A$ và $B$ sao cho $OB=3OA$','$x=-3 v x=-1$','$x=1 v x=2$','$x=-3 v x=2$','$x=3 v x=-1$','D','hamso','tieptuyen','2','NULL','12','0');
INSERT INTO `danhgiakienthuc`.`table_hamso` (`id`, `noidung`, `dapanA`, `dapanB`, `dapanC`, `dapanD`, `dapan`, `dangtoan`, `dangbt`, `dokho`, `dophancach`, `malop`, `hinh`) VALUES ('HS136','Cho hàm số $(C): y=-x^3+3x^2+2$. Viết phương trình tiếp tuyến với đồ thị hàm số $(C)$ tại điểm có hoành độ $x_{o}$ thỏa mãn $f''(x_{o})=0$:','$y=3x+1$','$y=-3x+1$','$y=2x+1$','$y=x+1$','A','hamso','tieptuyen','2','NULL','12','0');
INSERT INTO `danhgiakienthuc`.`table_hamso` (`id`, `noidung`, `dapanA`, `dapanB`, `dapanC`, `dapanD`, `dapan`, `dangtoan`, `dangbt`, `dokho`, `dophancach`, `malop`, `hinh`) VALUES ('HS137','Cho hàm số $(C): y=x^4+\\frac{1}{2}m^2x^2+m$. Với giá trị nào của $m$ thì tiếp tuyến với đồ thị $(C)$ tại điểm có hoành độ bằng 1 vuông góc với đường thẳng $d: x+4y+1=0$:','$m=1 v m=2$','$m=-1 v m=0$','$m=1 v m=0$','$m=0 v m=2$','B','hamso','tieptuyen','1','NULL','12','0');
INSERT INTO `danhgiakienthuc`.`table_hamso` (`id`, `noidung`, `dapanA`, `dapanB`, `dapanC`, `dapanD`, `dapan`, `dangtoan`, `dangbt`, `dokho`, `dophancach`, `malop`, `hinh`) VALUES ('HS138','Cho hàm số $(C): y=x^3+3mx^2+(m+1)x+1$. Với giá trị nào của $m$ thì tiếp tuyến với đồ thị $(C)$ tại điểm có hoành độ bằng -1 đi qua điểm $A(1;2)$:','$m=\\frac{1}{2}$','$m=\\frac{5}{8}$','$m=\\frac{3}{2}$','$m=\\frac{3}{8}$','B','hamso','tieptuyen','1','NULL','12','0');
INSERT INTO `danhgiakienthuc`.`table_hamso` (`id`, `noidung`, `dapanA`, `dapanB`, `dapanC`, `dapanD`, `dapan`, `dangtoan`, `dangbt`, `dokho`, `dophancach`, `malop`, `hinh`) VALUES ('HS139','Cho ba số thực dương $a,b,c$ khác 1. Đồ thị hàm số $y=a^x$, $y=b^x$, $y=c^x$ được cho trong hình vẽ bên. Mệnh đề nào dưới đây đúng?','$a<b<c$','$a<c<b$','$b<c<a$','$c<a<b$','B','hamso','nhanbiet','1','NULL','12','1');

INSERT INTO `danhgiakienthuc`.`table_loga` (`id`, `noidung`, `dapanA`, `dapanB`, `dapanC`, `dapanD`, `dapan`, `dangtoan`, `dangbt`, `dokho`, `dophancach`, `malop`, `hinh`) VALUES ('LOGA001','Giải phương trình $log_4(x-1)=3$','$x=63$','$x=65$','$x=80$','$x=82$','B','loga','ptloga','0','NULL','12','0');
INSERT INTO `danhgiakienthuc`.`table_loga` (`id`, `noidung`, `dapanA`, `dapanB`, `dapanC`, `dapanD`, `dapan`, `dangtoan`, `dangbt`, `dokho`, `dophancach`, `malop`, `hinh`) VALUES ('LOGA002','Tính đạo hàm của hàm số $y=13^x$','$y''=x.13^{x-1}$','$y''=13^x.ln13$','$y''=13^x$','$y''=\\dfrac{13^x}{ln13}$','B','loga','hsmuloga','0','NULL','12','0');
INSERT INTO `danhgiakienthuc`.`table_loga` (`id`, `noidung`, `dapanA`, `dapanB`, `dapanC`, `dapanD`, `dapan`, `dangtoan`, `dangbt`, `dokho`, `dophancach`, `malop`, `hinh`) VALUES ('LOGA003','Giải bất phương trình $log_2\\left(3x-1\\right) > 3$','$x>3$','$\\dfrac{1}{3}<x<3$','$x<3$','$x>\\dfrac{10}{3}$','A','loga','bptloga','0','NULL','12','0');
INSERT INTO `danhgiakienthuc`.`table_loga` (`id`, `noidung`, `dapanA`, `dapanB`, `dapanC`, `dapanD`, `dapan`, `dangtoan`, `dangbt`, `dokho`, `dophancach`, `malop`, `hinh`) VALUES ('LOGA004','Tìm tập xác định D của hàm số $y=log_2(x^2-2x-3)$ ','$D=\\left(-\\infty;-1\\right] \\bigcup \\left[3;+\\infty\\right)$','$D=\\left[-1;3\\right]$','$D=\\left(-\\infty;-1\\right)\\bigcup \\left(3;+\\infty\\right)$','$D=\\left(-1;3\\right)$','C','loga ','hsmuloga','0','NULL','12','0');
INSERT INTO `danhgiakienthuc`.`table_loga` (`id`, `noidung`, `dapanA`, `dapanB`, `dapanC`, `dapanD`, `dapan`, `dangtoan`, `dangbt`, `dokho`, `dophancach`, `malop`, `hinh`) VALUES ('LOGA005','Cho hàm số $f(x)=2^x.7^{x^2}$ Khẳng định nào sau đây là khẳng định sai ? ','$f(x)<1 \\Leftrightarrow x+x^2 log_2 7 <0$','$f(x)<1 \\Leftrightarrow xln2+x^2 ln7 <0$','$f(x)<1 \\Leftrightarrow x log_7 2+x^2 <0$','$f(x)<1 \\Leftrightarrow 1+x log_2 7 <0$','D','loga','hsmuloga','1','NULL','12','0');
INSERT INTO `danhgiakienthuc`.`table_loga` (`id`, `noidung`, `dapanA`, `dapanB`, `dapanC`, `dapanD`, `dapan`, `dangtoan`, `dangbt`, `dokho`, `dophancach`, `malop`, `hinh`) VALUES ('LOGA006','Với các số thực dương $a,b$ bất kì. Mệnh đề nào dưới đây đúng?','$ln(ab)=ln a+ln b$','$ln(ab)=ln a.ln b$','$ln\\frac{a}{b}=\\frac{ln a}{ln b}$','$ln\\frac{a}{b}=lna - lnb$','A','loga','ptloga','0','NULL','12','0');
INSERT INTO `danhgiakienthuc`.`table_loga` (`id`, `noidung`, `dapanA`, `dapanB`, `dapanC`, `dapanD`, `dapan`, `dangtoan`, `dangbt`, `dokho`, `dophancach`, `malop`, `hinh`) VALUES ('LOGA007','Tìm nghiệm của phương trình $3^{x-1}=27$','$x=9$','$x=3$','$x=4$','$x=10$','C','loga','ptmu','0','NULL','12','0');
INSERT INTO `danhgiakienthuc`.`table_loga` (`id`, `noidung`, `dapanA`, `dapanB`, `dapanC`, `dapanD`, `dapan`, `dangtoan`, `dangbt`, `dokho`, `dophancach`, `malop`, `hinh`) VALUES ('LOGA008','Số lượng của loại vi khuẩn A trong một phòng thí nghiệm được tính theo công thức $s(t)=s(0).2^t$, trong đó $s(0)$ là số lượng vi khuẩn A lúc ban đầu, $s(t)$ là số lượng vi khuẩn A có sau $t$ phút. Biết sau 3 phút thì số lượng vi khuẩn A là 625 nghìn con. Hỏi sau bao lâu, kể từ lúc ban đầu, số lượng vi khuẩn A là 10 triệu con?','48 phút','19 phút','7 phút','12 phút','C','loga','thucte','3','NULL','12','0');
INSERT INTO `danhgiakienthuc`.`table_loga` (`id`, `noidung`, `dapanA`, `dapanB`, `dapanC`, `dapanD`, `dapan`, `dangtoan`, `dangbt`, `dokho`, `dophancach`, `malop`, `hinh`) VALUES ('LOGA009','Cho biểu thức $P=\\sqrt[4]{x.\\sqrt[3]{x^2.\\sqrt{x^3}}}$, với $x>0$. Mệnh đề nào dưới đây đúng?','$P=x^{\\frac{1}{2}}$','$P=x^{\\frac{13}{24}}$','$P=x^{\\frac{1}{4}}$','$P=x^{\\frac{2}{3}}$','B','loga ','ptmu','2','NULL','12','0');
INSERT INTO `danhgiakienthuc`.`table_loga` (`id`, `noidung`, `dapanA`, `dapanB`, `dapanC`, `dapanD`, `dapan`, `dangtoan`, `dangbt`, `dokho`, `dophancach`, `malop`, `hinh`) VALUES ('LOGA010','Với các số thực dương $a,b$ bất kì. Mệnh đề nào dưới đây đúng?','$log_2\\left(\\frac{2a^3}{b}\\right)=1+3log_2a-log_2b$','$log_2\\left(\\frac{2a^3}{b}\\right)=1+\\frac{1}{3}log_2a-log_2b$','$log_2\\left(\\frac{2a^3}{b}\\right)=1+3log_2a+log_2b$','$log_2\\left(\\frac{2a^3}{b}\\right)=1+\\frac{1}{3}log_2a+log_2b$','A','loga','ptloga','2','NULL','12','0');
INSERT INTO `danhgiakienthuc`.`table_loga` (`id`, `noidung`, `dapanA`, `dapanB`, `dapanC`, `dapanD`, `dapan`, `dangtoan`, `dangbt`, `dokho`, `dophancach`, `malop`, `hinh`) VALUES ('LOGA011','Tìm tập nghiệm S của bất phương trình $log_\\frac{1}{2}(x+1) < log_\\frac{1}{2}(2x-1)$','$S=\\left(2;+\\infty\\right)$','$S=\\left(-\\infty;2\\right)$','$S=\\left(\\frac{1}{2};2\\right)$','$S=\\left(-1;2\\right)$','C','loga','bptloga','0','NULL','12','0');
INSERT INTO `danhgiakienthuc`.`table_loga` (`id`, `noidung`, `dapanA`, `dapanB`, `dapanC`, `dapanD`, `dapan`, `dangtoan`, `dangbt`, `dokho`, `dophancach`, `malop`, `hinh`) VALUES ('LOGA012','Tính đạo hàm của hàm số $y=ln\\left(1+\\sqrt{x+1}\\right)$','$y''=\\frac{1}{2\\sqrt{x+1}\\left(1+\\sqrt{x+1}\\right)$','$y''=\\frac{1}{1+\\sqrt{x+1}}$','$y''=\\frac{1}{\\sqrt{x+1}\\left(1+\\sqrt{x+1}\\right)$','$y''=\\frac{2}{\\sqrt{x+1}\\left(1+\\sqrt{x+1}\\right)$','A','loga','hsmuloga','1','NULL','12','0');
INSERT INTO `danhgiakienthuc`.`table_loga` (`id`, `noidung`, `dapanA`, `dapanB`, `dapanC`, `dapanD`, `dapan`, `dangtoan`, `dangbt`, `dokho`, `dophancach`, `malop`, `hinh`) VALUES ('LOGA013','Tìm tập hợp tất cả các giá trị của tham số thực $m$ để phương trình $6^x+(3-m)2^x-m=0$ có nghiệm thuộc khoảng $(0;1)$ .','[3;4]','[2;4]','(2;4)','(3;4)','C','loga','hsmuloga','1','NULL','12','0');
INSERT INTO `danhgiakienthuc`.`table_loga` (`id`, `noidung`, `dapanA`, `dapanB`, `dapanC`, `dapanD`, `dapan`, `dangtoan`, `dangbt`, `dokho`, `dophancach`, `malop`, `hinh`) VALUES ('LOGA014','Xét các số thực $a$, $b$, thỏa mãn $a>b>1$. Tìm giá trị nhỏ nhất $P_{min} của biểu thức $P=log_{\\frac{a}{b}}^2(a^2)+3log_{b}\\left(\\frac{a}{b}\\right)$','$P_{min}=19$','$P_{min}=13$','$P_{min}=14$','$P_{min}=15$','D','loga ','ptloga','2','NULL','12','0');
INSERT INTO `danhgiakienthuc`.`table_loga` (`id`, `noidung`, `dapanA`, `dapanB`, `dapanC`, `dapanD`, `dapan`, `dangtoan`, `dangbt`, `dokho`, `dophancach`, `malop`, `hinh`) VALUES ('LOGA015','Tìm tập xác định của hàm số $y=log_{9}(x+1)^2-ln(3-x)+2$','$(3;+\\infty)$','$(-\\infty;3)$','$(-\\infty;1) \\cup (-1;3)$','$(-1;3)$','C','loga','hsmuloga','2','NULL','12','0');
INSERT INTO `danhgiakienthuc`.`table_loga` (`id`, `noidung`, `dapanA`, `dapanB`, `dapanC`, `dapanD`, `dapan`, `dangtoan`, `dangbt`, `dokho`, `dophancach`, `malop`, `hinh`) VALUES ('LOGA016','Tìm $m$ để phương trình $4^x-2^{x+3}+3=m$ có đúng 2 nghiệm $x \\in (1;3)$','$-13 < m < -9$','$3 < m < 9$','$-9 < m < 3$','$-13 < m < 3$','A','loga','hsmuloga','0','NULL','12','0');
INSERT INTO `danhgiakienthuc`.`table_loga` (`id`, `noidung`, `dapanA`, `dapanB`, `dapanC`, `dapanD`, `dapan`, `dangtoan`, `dangbt`, `dokho`, `dophancach`, `malop`, `hinh`) VALUES ('LOGA017','Tính đạo hàm của hàm số $y=log_{2017}(x^2+1)$','$y''=\\frac{1}{x^2+1}$','$y''=\\frac{1}{(x^2+1)ln2017}$','$y''=\\frac{2x}{2017}$','$y''=\\frac{2x}{(x^2+1)ln2017}$','D','loga','hsmuloga','0','NULL','12','0');
INSERT INTO `danhgiakienthuc`.`table_loga` (`id`, `noidung`, `dapanA`, `dapanB`, `dapanC`, `dapanD`, `dapan`, `dangtoan`, `dangbt`, `dokho`, `dophancach`, `malop`, `hinh`) VALUES ('LOGA018','Tìm giá trị nhỏ nhất của hàm số $y=log_{2}^2x-4log_{2}x+1$ trên đoạn [1;8]:','-2','1','-3','$-\\infty$','C','loga','hsmuloga','0','NULL','12','0');
INSERT INTO `danhgiakienthuc`.`table_loga` (`id`, `noidung`, `dapanA`, `dapanB`, `dapanC`, `dapanD`, `dapan`, `dangtoan`, `dangbt`, `dokho`, `dophancach`, `malop`, `hinh`) VALUES ('LOGA019','Tìm mệnh đề đúng trong các mệnh đề sau:','Hàm số $y=a^x$ với $0 < a < 1$ là hàm đồng biến trên $(-\\infty; +\\infty)$','Hàm số $y=a^x$ với $a > 1$ là hàm nghịch biến trên $(-\\infty; +\\infty)$','Đồ thị hàm số $y=a^x$ với $0 < a \\neq 1$ luôn đi qua điểm $(a;1)$','Đồ thị hàm số $y=a^x$ và $y=\\left(\\frac{1}{a}\\right)^x với $0 < a \\neq 1$ đối xứng nhau qua trục tung','D','loga','hsmuloga','1','NULL','12','0');
INSERT INTO `danhgiakienthuc`.`table_loga` (`id`, `noidung`, `dapanA`, `dapanB`, `dapanC`, `dapanD`, `dapan`, `dangtoan`, `dangbt`, `dokho`, `dophancach`, `malop`, `hinh`) VALUES ('LOGA020','Cho $f(x)=2^{\\frac{x-1}{x+1}}$. Đạo hàm $f''(0)$ bằng:','2','$ln2$','$2ln2$','Kết quả khác','B','loga','hsmuloga','1','NULL','12','0');
INSERT INTO `danhgiakienthuc`.`table_loga` (`id`, `noidung`, `dapanA`, `dapanB`, `dapanC`, `dapanD`, `dapan`, `dangtoan`, `dangbt`, `dokho`, `dophancach`, `malop`, `hinh`) VALUES ('LOGA021','Đạo hàm của hàm số $y=2^{2x+3}$ là','$2.2^{2x+3}.ln2$','$2^{2x+3}.ln2$','$2.2^{2x+3}$','$(2x+3).2^{2x+2}$','A','loga','hsmuloga','0','NULL','12','0');
INSERT INTO `danhgiakienthuc`.`table_loga` (`id`, `noidung`, `dapanA`, `dapanB`, `dapanC`, `dapanD`, `dapan`, `dangtoan`, `dangbt`, `dokho`, `dophancach`, `malop`, `hinh`) VALUES ('LOGA022','Tập xác định của hàm số $y=log_{3}\\frac{10-x}{x^2-3x+2}$ là','$(1;+\\infty)$','$(-\\infty;1) \\cup (2;10)$','$(-\\infty;10)$','$(2;10)$','B','loga','hsmuloga','2','NULL','12','0');
INSERT INTO `danhgiakienthuc`.`table_loga` (`id`, `noidung`, `dapanA`, `dapanB`, `dapanC`, `dapanD`, `dapan`, `dangtoan`, `dangbt`, `dokho`, `dophancach`, `malop`, `hinh`) VALUES ('LOGA023','Hàm số $y=(x^2-2x+2)e^x$ có đạo hàm là:','$y''=x^2.e^x$','$y''=-2xe^x$','$y''=(2x-2)e^x$','Kết quả khác','A','loga','hsmuloga','1','NULL','12','0');
INSERT INTO `danhgiakienthuc`.`table_loga` (`id`, `noidung`, `dapanA`, `dapanB`, `dapanC`, `dapanD`, `dapan`, `dangtoan`, `dangbt`, `dokho`, `dophancach`, `malop`, `hinh`) VALUES ('LOGA024','Hàm số $y=log_{a^2-2a+1}x$ nghịch biến trong khoảng $(0;+\\infty)$ khi:','$a \\neq 1$ và $0 < a < 2$','$a > 1$','$a < 0$','$a \\neq 1$ và $a > \\frac{1}{2}$','A','loga','hsmuloga','1','NULL','12','0');
INSERT INTO `danhgiakienthuc`.`table_loga` (`id`, `noidung`, `dapanA`, `dapanB`, `dapanC`, `dapanD`, `dapan`, `dangtoan`, `dangbt`, `dokho`, `dophancach`, `malop`, `hinh`) VALUES ('LOGA025','Hàm số $y=ln(\\sqrt{x^2+x-2}-x)$ có tập xác định là:','$(-\\infty;-2)$','$(1;+\\infty)$','$(-\\infty;-2) \\cup (2;+\\infty)$','(-2;2)','C','loga','hsmuloga','1','NULL','12','0');
INSERT INTO `danhgiakienthuc`.`table_loga` (`id`, `noidung`, `dapanA`, `dapanB`, `dapanC`, `dapanD`, `dapan`, `dangtoan`, `dangbt`, `dokho`, `dophancach`, `malop`, `hinh`) VALUES ('LOGA026','Hàm số $f(x)=\\sqrt[3]{3x^2-7x+1}$ có $f''(0)$ bằng:','$\\frac{5}{3}$','$\\frac{-5}{3}$','$\\frac{-7}{3}$','$\\frac{7}{3}$','C','loga','hsmuloga','2','NULL','12','0');
INSERT INTO `danhgiakienthuc`.`table_loga` (`id`, `noidung`, `dapanA`, `dapanB`, `dapanC`, `dapanD`, `dapan`, `dangtoan`, `dangbt`, `dokho`, `dophancach`, `malop`, `hinh`) VALUES ('LOGA027','Hàm số nào dưới đây đồng biến trên $\\mathbb{R}$','$y=3^{\\sqrt{x+1}}$','$y=(\\sqrt{2})^{x}$','$y=\\left(\\frac{e}{\\pi}\\right)^x$','$y=2^{-x}$','B','loga','hsmuloga','1','NULL','12','0');
INSERT INTO `danhgiakienthuc`.`table_loga` (`id`, `noidung`, `dapanA`, `dapanB`, `dapanC`, `dapanD`, `dapan`, `dangtoan`, `dangbt`, `dokho`, `dophancach`, `malop`, `hinh`) VALUES ('LOGA028','Tính đạo hàm của hàm số $f(x)=\\frac{e^x+e^{-x}}{e^x-e^{-x}}$','$e^x-e^{-x}$','$\\frac{e^x}{(e^x-e^{-x})^2}$','$\\frac{-4}{(e^x-e^{-x})^2}$','$\\frac{-5}{(e^x-e^{-x})^2}$','C','loga','hsmuloga','2','NULL','12','0');
INSERT INTO `danhgiakienthuc`.`table_loga` (`id`, `noidung`, `dapanA`, `dapanB`, `dapanC`, `dapanD`, `dapan`, `dangtoan`, `dangbt`, `dokho`, `dophancach`, `malop`, `hinh`) VALUES ('LOGA029','Phương trình $4^x+6^x=25x+2$ có tập nghiệm là:','{0}','{2}','{0;2}','{0;1;2}','C','loga','ptmu','1','NULL','12','0');
INSERT INTO `danhgiakienthuc`.`table_loga` (`id`, `noidung`, `dapanA`, `dapanB`, `dapanC`, `dapanD`, `dapan`, `dangtoan`, `dangbt`, `dokho`, `dophancach`, `malop`, `hinh`) VALUES ('LOGA030','Cho $4^{3x+y}=16^{11+x}$ và $3^{2x+8}-9^y=0$. Tính $x+y$','3','21','7','10','D','loga','ptmu','0','NULL','12','0');
INSERT INTO `danhgiakienthuc`.`table_loga` (`id`, `noidung`, `dapanA`, `dapanB`, `dapanC`, `dapanD`, `dapan`, `dangtoan`, `dangbt`, `dokho`, `dophancach`, `malop`, `hinh`) VALUES ('LOGA031','Trong các phương trình sau, phương trình nào có nghiệm?','$x^{\\frac{2}{3}}+5=0$','$(3x)^{\\frac{1}{3}}+(x-4)^{\\frac{2}{5}}=0$','$\\sqrt{4x-8}+2=0$','$2x^\\frac{1}{2}-3=0$','D','loga','ptmu','1','NULL','12','0');
INSERT INTO `danhgiakienthuc`.`table_loga` (`id`, `noidung`, `dapanA`, `dapanB`, `dapanC`, `dapanD`, `dapan`, `dangtoan`, `dangbt`, `dokho`, `dophancach`, `malop`, `hinh`) VALUES ('LOGA032','Số nghiệm của phương trình $6.9^x-13.6^x+6.4^x=0$ là:','2','1','0','3','A','loga','ptmu','0','NULL','12','0');
INSERT INTO `danhgiakienthuc`.`table_loga` (`id`, `noidung`, `dapanA`, `dapanB`, `dapanC`, `dapanD`, `dapan`, `dangtoan`, `dangbt`, `dokho`, `dophancach`, `malop`, `hinh`) VALUES ('LOGA033','Rút gọn biểu thức $\\sqrt{x\\sqrt{x\\sqrt{x\\sqrt{x\\sqrt{x}}}}} : x^{\\frac{9}{16}}$ ta được:','$x^{\\frac{5}{32}}$','$x^{\\frac{13}{32}}$','$x^{\\frac{9}{48}}$','$x^{\\frac{1}{32}}$','B','loga','ptmu','2','NULL','12','0');
INSERT INTO `danhgiakienthuc`.`table_loga` (`id`, `noidung`, `dapanA`, `dapanB`, `dapanC`, `dapanD`, `dapan`, `dangtoan`, `dangbt`, `dokho`, `dophancach`, `malop`, `hinh`) VALUES ('LOGA034','Phương trình $2^{3x}+3^{\\frac{2}{x}}=17$ có nghiệm:','(1;-1)','$(1;\\frac{2}{3}log_{2}3)$','$(1;\\frac{3}{2}log_{2}3)$','(1;0)','B','loga','ptmu','2','NULL','12','0');
INSERT INTO `danhgiakienthuc`.`table_loga` (`id`, `noidung`, `dapanA`, `dapanB`, `dapanC`, `dapanD`, `dapan`, `dangtoan`, `dangbt`, `dokho`, `dophancach`, `malop`, `hinh`) VALUES ('LOGA035','Nghiệm của phương trình $(3+\\sqrt{5})^x+(3-\\sqrt{5})^x=3.x^2$','(2;-3)','(1;-1)','Đáp án khác','(0;2)','C','loga','ptmu','1','NULL','12','0');
INSERT INTO `danhgiakienthuc`.`table_loga` (`id`, `noidung`, `dapanA`, `dapanB`, `dapanC`, `dapanD`, `dapan`, `dangtoan`, `dangbt`, `dokho`, `dophancach`, `malop`, `hinh`) VALUES ('LOGA036','Phương trình $9^x-3.3^x+2=0$ có 2 nghiệm $x_{1}$ và $x_{2}$. Giá trị $A=2x_{1}+3x_{2}$ bằng?','$4log_{3}2$','2','$3log_{3}2$','0','C','loga','ptmu','0','NULL','12','0');
INSERT INTO `danhgiakienthuc`.`table_loga` (`id`, `noidung`, `dapanA`, `dapanB`, `dapanC`, `dapanD`, `dapan`, `dangtoan`, `dangbt`, `dokho`, `dophancach`, `malop`, `hinh`) VALUES ('LOGA037','Phương trình $\\left(\\frac{1}{25}\\right)^{x+1} = 125^{2x}$ có nghiệm','$x=-\\frac{1}{8}$','$x=3$','$x=-\\frac{1}{3}$','$x=4$','C','loga','ptmu','0','NULL','12','0');
INSERT INTO `danhgiakienthuc`.`table_loga` (`id`, `noidung`, `dapanA`, `dapanB`, `dapanC`, `dapanD`, `dapan`, `dangtoan`, `dangbt`, `dokho`, `dophancach`, `malop`, `hinh`) VALUES ('LOGA038','Phương trình $3^{1+x} + 3^{1-x}=10$','Có 1 nghiệm âm, 1 nghiệm dương','Có 2 nghiệm dương','Vô nghiệm','Có 2 nghiệm âm','A','loga','ptmu','2','NULL','12','0');
INSERT INTO `danhgiakienthuc`.`table_loga` (`id`, `noidung`, `dapanA`, `dapanB`, `dapanC`, `dapanD`, `dapan`, `dangtoan`, `dangbt`, `dokho`, `dophancach`, `malop`, `hinh`) VALUES ('LOGA039','Nghiệm của phương trình $8^{\\frac{2x-1}{x+1}} = 0,25.\\sqrt{2}^{7x}$ là?','$(1;-\\frac{2}{7}$','$(1;\\frac{2}{7}$','$(-1;\\frac{2}{7}$','$(-1;-\\frac{2}{7}$','B','loga','ptmu','1','NULL','12','0');
INSERT INTO `danhgiakienthuc`.`table_loga` (`id`, `noidung`, `dapanA`, `dapanB`, `dapanC`, `dapanD`, `dapan`, `dangtoan`, `dangbt`, `dokho`, `dophancach`, `malop`, `hinh`) VALUES ('LOGA040','Phương trình $5^{x-1}+5.0,2^{x-2}=26$ có tổng các nghiệm là?','4','5','2','3','A','loga','ptmu','1','NULL','12','0');
INSERT INTO `danhgiakienthuc`.`table_loga` (`id`, `noidung`, `dapanA`, `dapanB`, `dapanC`, `dapanD`, `dapan`, `dangtoan`, `dangbt`, `dokho`, `dophancach`, `malop`, `hinh`) VALUES ('LOGA041','Tích 2 nghiệm của phương trình $2^{2x^4+4x^2-6}-2.2^{x^4+2x^2-3}+1=0$ là','-1','3','-3','1','A','loga','ptmu','1','NULL','12','0');
INSERT INTO `danhgiakienthuc`.`table_loga` (`id`, `noidung`, `dapanA`, `dapanB`, `dapanC`, `dapanD`, `dapan`, `dangtoan`, `dangbt`, `dokho`, `dophancach`, `malop`, `hinh`) VALUES ('LOGA042','Cho phương trình $log_{4}(3.2^x-1)=x-1$ có tổng giá trị các nghiệm là?','3','2','4','5','B','loga','ptmu','1','NULL','12','0');
INSERT INTO `danhgiakienthuc`.`table_loga` (`id`, `noidung`, `dapanA`, `dapanB`, `dapanC`, `dapanD`, `dapan`, `dangtoan`, `dangbt`, `dokho`, `dophancach`, `malop`, `hinh`) VALUES ('LOGA043','Phương trình $log_2(x-3)+log_2(x-1)=3$ có nghiệm là:','$x=11$','$x=9$','$x=7$','$x=5$','D','loga','ptloga','0','NULL','12','0');
INSERT INTO `danhgiakienthuc`.`table_loga` (`id`, `noidung`, `dapanA`, `dapanB`, `dapanC`, `dapanD`, `dapan`, `dangtoan`, `dangbt`, `dokho`, `dophancach`, `malop`, `hinh`) VALUES ('LOGA044','Giải phương trình $log_{2}(2^x-1).log_{4}(2^{x+1}-2)=1$. Ta có nghiệm:','$x=log_{2}3$ và $x=log_{2}5$','$x=1$ v $x=-2$','$x=log_{2}3$ và $x=log_{2}\\frac{5}{4}$','$x=1$ v $x=2$','C','loga','ptloga','0','NULL','12','0');
INSERT INTO `danhgiakienthuc`.`table_loga` (`id`, `noidung`, `dapanA`, `dapanB`, `dapanC`, `dapanD`, `dapan`, `dangtoan`, `dangbt`, `dokho`, `dophancach`, `malop`, `hinh`) VALUES ('LOGA045','Cho $log_{2}14=a$. Tính $log_{49}32$ theo $a$','$\\frac{10}{a-1}$','$\\frac{2}{5(a-1)}$','$\\frac{5}{2a-2}$','$\\frac{5}{2a+1}$','C','loga','ptloga','3','NULL','12','0');
INSERT INTO `danhgiakienthuc`.`table_loga` (`id`, `noidung`, `dapanA`, `dapanB`, `dapanC`, `dapanD`, `dapan`, `dangtoan`, `dangbt`, `dokho`, `dophancach`, `malop`, `hinh`) VALUES ('LOGA046','Giả sử ta có $a^2+b^2=7ab$ với $(a,b > 0)$. Hệ thức nào sau đây đúng?','$2log_{2}(a+b)=log_{2}a+log_{2}b$','$2log_{2}\\frac{a+b}{3}=log_{2}a+log_{2}b$','$log_{2}\\frac{a+b}{3}=2(log_{2}a+log_{2}b)$','$4log_{2}\\frac{a+b}{6}=log_{2}a+log_{2}b$','B','loga','ptloga','2','NULL','12','0');
INSERT INTO `danhgiakienthuc`.`table_loga` (`id`, `noidung`, `dapanA`, `dapanB`, `dapanC`, `dapanD`, `dapan`, `dangtoan`, `dangbt`, `dokho`, `dophancach`, `malop`, `hinh`) VALUES ('LOGA047','Cho $log_{2}5=a$ và $log_{3}5=b$. Khi đó $log_{6}5$ tính theo a,b là:','$\\frac{1}{a+b}$','$\\frac{ab}{a+b}$','$a+b$','$a^2+b^2$','B','loga','ptloga','1','NULL','12','0');
INSERT INTO `danhgiakienthuc`.`table_loga` (`id`, `noidung`, `dapanA`, `dapanB`, `dapanC`, `dapanD`, `dapan`, `dangtoan`, `dangbt`, `dokho`, `dophancach`, `malop`, `hinh`) VALUES ('LOGA048','Phương trình $log_2(3x-2)=3$ có nghiệm:','$x=\\frac{11}{3}$','$x=\\frac{10}{3}$','$x=3$','$x=2$','B','loga','ptloga','0','NULL','12','0');
INSERT INTO `danhgiakienthuc`.`table_loga` (`id`, `noidung`, `dapanA`, `dapanB`, `dapanC`, `dapanD`, `dapan`, `dangtoan`, `dangbt`, `dokho`, `dophancach`, `malop`, `hinh`) VALUES ('LOGA049','Nếu $a=log_{12}6$ và $b=log_{12}7$ thì $log_{2}7$ bằng:','$\\frac{a}{b+1}$','$\\frac{b}{1-a}$','$\\frac{a}{b-1}$','$\\frac{a}{a-1}$','B','loga','ptloga','1','NULL','12','0');
INSERT INTO `danhgiakienthuc`.`table_loga` (`id`, `noidung`, `dapanA`, `dapanB`, `dapanC`, `dapanD`, `dapan`, `dangtoan`, `dangbt`, `dokho`, `dophancach`, `malop`, `hinh`) VALUES ('LOGA050','Cho $a>0$, $b>0$ thỏa mãn $a^2+b^2=7ab$. Mệnh đề nào sau đây đúng?','$log(a+b)=\\frac{3}{2}(loga+logb)$','$2(loga+logb)=log(7ab)$','$3log(a+b)=\\frac{1}{2}(loga+logb)$','$log\\frac{a+b}{3}=\\frac{1}{2}(loga+logb)$','D','loga','ptloga','2','NULL','12','0');
INSERT INTO `danhgiakienthuc`.`table_loga` (`id`, `noidung`, `dapanA`, `dapanB`, `dapanC`, `dapanD`, `dapan`, `dangtoan`, `dangbt`, `dokho`, `dophancach`, `malop`, `hinh`) VALUES ('LOGA051','Tổng giá trị các nghiệm của phương trình $log_{2}(x^2+1)=log_{2}(3x-1)$ là:','3','2','1','4','A','loga','ptloga','0','NULL','12','0');
INSERT INTO `danhgiakienthuc`.`table_loga` (`id`, `noidung`, `dapanA`, `dapanB`, `dapanC`, `dapanD`, `dapan`, `dangtoan`, `dangbt`, `dokho`, `dophancach`, `malop`, `hinh`) VALUES ('LOGA052','Số nghiệm của phương trình $ln^3x-3ln^2x-4lnx+12=0$ là:','2','1','3','0','C','loga','ptloga','0','NULL','12','0');
INSERT INTO `danhgiakienthuc`.`table_loga` (`id`, `noidung`, `dapanA`, `dapanB`, `dapanC`, `dapanD`, `dapan`, `dangtoan`, `dangbt`, `dokho`, `dophancach`, `malop`, `hinh`) VALUES ('LOGA053','Giải phương trình $log_{2}\\left(\\frac{5.2^x-8}{2^x+2}\\right)=3-x$. Từ đó suy ra $P=x^{log_{2}4x}$ là:','$P=5$','$P=4$','$P=1$','$P=8$','D','loga','ptloga','2','NULL','12','0');
INSERT INTO `danhgiakienthuc`.`table_loga` (`id`, `noidung`, `dapanA`, `dapanB`, `dapanC`, `dapanD`, `dapan`, `dangtoan`, `dangbt`, `dokho`, `dophancach`, `malop`, `hinh`) VALUES ('LOGA054','Nghiệm của bất phương trình $9^{x-1}-36.3^{x-3}+3 \\leq 0$ là:','$1 \\leq x \\leq 3$','$1 \\leq x \\leq 2$','$1 \\leq x$','$x \\leq 3$','B','loga','bptmu','0','NULL','12','0');
INSERT INTO `danhgiakienthuc`.`table_loga` (`id`, `noidung`, `dapanA`, `dapanB`, `dapanC`, `dapanD`, `dapan`, `dangtoan`, `dangbt`, `dokho`, `dophancach`, `malop`, `hinh`) VALUES ('LOGA055','Nghiệm của bất phương trình $32.4^x - 18.2^x + 1 < 0$','$1 < x < 4$','$\\frac{1}{16} < x < \\frac{1}{2}$','$-4 < x < -1$','$2 < x < 4$','C','loga','bptmu','0','NULL','12','0');
INSERT INTO `danhgiakienthuc`.`table_loga` (`id`, `noidung`, `dapanA`, `dapanB`, `dapanC`, `dapanD`, `dapan`, `dangtoan`, `dangbt`, `dokho`, `dophancach`, `malop`, `hinh`) VALUES ('LOGA056','Cho $(\\sqrt{2}-1)^m < (\\sqrt{2}-1)^n$. Khi đó:','$m=n$','$m>n$','$m<n$','$m \\ge n$','B','loga','bptmu','0','NULL','12','0');
INSERT INTO `danhgiakienthuc`.`table_loga` (`id`, `noidung`, `dapanA`, `dapanB`, `dapanC`, `dapanD`, `dapan`, `dangtoan`, `dangbt`, `dokho`, `dophancach`, `malop`, `hinh`) VALUES ('LOGA057','Bất phương trình $log_{\\frac{1}{2}}x+log_{3}x>1$ có tập nghiệm là','(0;3)','(0;2)','(2;3)','Kết quả khác','D','loga','bptloga','1','NULL','12','0');
INSERT INTO `danhgiakienthuc`.`table_loga` (`id`, `noidung`, `dapanA`, `dapanB`, `dapanC`, `dapanD`, `dapan`, `dangtoan`, `dangbt`, `dokho`, `dophancach`, `malop`, `hinh`) VALUES ('LOGA058','Bất phương trình $log_{2}(\\sqrt(x-2)+4) \\ge log_{3}\\left(\\frac{1}{\\sqrt{2-x}+8}\\right)$ có nghiệm là','$x=2$','$x \\ge 2$','$x \\leq 2$','$1 \\leq x \\leq 2$','A','loga','bptloga','2','NULL','12','0');
INSERT INTO `danhgiakienthuc`.`table_loga` (`id`, `noidung`, `dapanA`, `dapanB`, `dapanC`, `dapanD`, `dapan`, `dangtoan`, `dangbt`, `dokho`, `dophancach`, `malop`, `hinh`) VALUES ('LOGA059','Bất phương trình $log_{\\frac{4}{25}}(x+1) \\ge log_{\\frac{2}{5}}x$ tương đương với bất phương trình nào dưới đây?','$2log_{\\frac{2}{5}}(x+1) \\ge log_{\\frac{2}{5}}x$','$log_{\\frac{4}{25}}x + log_{\\frac{4}{25}}1 \\ge log_{\\frac{2}{5}}x$','$log_{\\frac{2}{5}}x \\ge 2log_{\\frac{2}{5}}(x+1)$','$2log_{\\frac{2}{5}}(x+1) \\ge log_{\\frac{4}{5}}x$','C','loga','bptloga','0','NULL','12','0');
INSERT INTO `danhgiakienthuc`.`table_loga` (`id`, `noidung`, `dapanA`, `dapanB`, `dapanC`, `dapanD`, `dapan`, `dangtoan`, `dangbt`, `dokho`, `dophancach`, `malop`, `hinh`) VALUES ('LOGA060','Tập nghiệm của bất phương trình $log_{\\frac{2}{3}}(2x^2-x+1) < 0$ là:','$(-1;\\frac{3}{2}$','$(0;\\frac{3}{2}$','$(-\\infty; 0) \\cup (\\frac{1}{2};+\\infty)$','$(-\\infty; 1) \\cup (\\frac{3}{2};+\\infty)$','C','loga','bptloga','1','NULL','12','0');
INSERT INTO `danhgiakienthuc`.`table_loga` (`id`, `noidung`, `dapanA`, `dapanB`, `dapanC`, `dapanD`, `dapan`, `dangtoan`, `dangbt`, `dokho`, `dophancach`, `malop`, `hinh`) VALUES ('LOGA061','Giải bất phương trình $log_{\\frac{1}{2}}(x^2-3x+2) \\ge -1$','$x \\in (-\\infty;1)$','$x \\in [0;2)$','$x \\in [0;1) \\ cup (2;3]$','$x \\in [0;2) \\cup (3;7]$','C','loga','bptloga','1','NULL','12','0');
INSERT INTO `danhgiakienthuc`.`table_loga` (`id`, `noidung`, `dapanA`, `dapanB`, `dapanC`, `dapanD`, `dapan`, `dangtoan`, `dangbt`, `dokho`, `dophancach`, `malop`, `hinh`) VALUES ('LOGA062','Một người gửi tiết kiệm với lãi suất 8,4% năm và lãi hàng năm được nhập vào vốn, hỏi sau bao nhiêu năm thì người đó thu được gấp đôi số tiền ban đầu?','6','7','8','9','D','loga','thucte','3','NULL','12','0');
INSERT INTO `danhgiakienthuc`.`table_loga` (`id`, `noidung`, `dapanA`, `dapanB`, `dapanC`, `dapanD`, `dapan`, `dangtoan`, `dangbt`, `dokho`, `dophancach`, `malop`, `hinh`) VALUES ('LOGA063','Một người gửi gói tiết kiệm linh của của ngân hàng cho con với số tiền là 500 triệu VNĐ, lãi suất 7% / năm. Biết rằng người ấy không lấy lãi hằng năm theo quy định kỳ số tiết kiệm. Hỏi sau 18 năm, số tiền người ấy nhận về là bao nhiêu? (Biết rằng, theo quy định kì rút tiền hằng năm, nếu không lấy lãi thì số tiền sẽ được nhập vào thành tiền gốc và số tiết kiệm sẽ chuyển thành kì hạn 1 năm tiếp theo)','4.689.966.000 VNĐ','3.689.966.000 VNĐ','2.689.966.000 VNĐ','1.689.966.000 VNĐ','D','loga','thucte','3','NULL','12','0');
INSERT INTO `danhgiakienthuc`.`table_loga` (`id`, `noidung`, `dapanA`, `dapanB`, `dapanC`, `dapanD`, `dapan`, `dangtoan`, `dangbt`, `dokho`, `dophancach`, `malop`, `hinh`) VALUES ('LOGA064','Sự tăng trưởng của một loại vi khuẩn tuân theo công thức $S=Ae^{rt}$, trong đó $A$ là số lượng vi khuẩn ban đầu, $r$ là tỉ lệ tăng trưởng $(r>0)$, $t$ là thời gian tăng trưởng. Biết rằng số lượng vi khuẩn ban đầu là 100 con và sau 5 giờ có 300 con. Hỏi sau bao lâu số lượng vi khuẩn ban đầu tăng lên gấp 10 lần?','6h29','8h29','10h29','7h29','C','loga','thucte','3','NULL','12','0');
INSERT INTO `danhgiakienthuc`.`table_loga` (`id`, `noidung`, `dapanA`, `dapanB`, `dapanC`, `dapanD`, `dapan`, `dangtoan`, `dangbt`, `dokho`, `dophancach`, `malop`, `hinh`) VALUES ('LOGA065','Ông Diêu gửi 150 triệu đồng vào ngân hàng theo thể thức lãi kép kì hạn 1 năm với lãi suất $x \\in [5%; 7%]$ năm. Sau 4 năm ông ta rút tất cả tiền ra và vay thêm ngân hàng $\\frac{1060}{75}$ triệu đồng cũng với lại suất $x%$. Ngân hàng cần lấy lãi suất $x$ bao nhiêu để 3 năm nữa sau khi trả ngân hàng, số tiền của ông Diêu còn lại nhỏ nhất (giả sử lãi suất không thay đổi)','$x=6%$','$x=7%','$x=5%$','$x=6.5%$','A','loga','thucte','3','NULL','12','0');
INSERT INTO `danhgiakienthuc`.`table_loga` (`id`, `noidung`, `dapanA`, `dapanB`, `dapanC`, `dapanD`, `dapan`, `dangtoan`, `dangbt`, `dokho`, `dophancach`, `malop`, `hinh`) VALUES ('LOGA066','Ông A mong muốn sở hữu khoản tiền 20.000.000đ vào ngày 2/3/2012 ở một tài khoản lãi suất năm là 6,05%. Hỏi ông A cần đầu tư bao nhiêu tiền trên tài khoản này vào ngày 2/3/2007 để đạt được mục tiêu đề ra?','14.909.965,25','14.909.965,26','14.909.955,25','14.909.865,25','A','loga','thucte','3','NULL','12','0');
INSERT INTO `danhgiakienthuc`.`table_loga` (`id`, `noidung`, `dapanA`, `dapanB`, `dapanC`, `dapanD`, `dapan`, `dangtoan`, `dangbt`, `dokho`, `dophancach`, `malop`, `hinh`) VALUES ('LOGA067','Một người được lĩnh lương khởi điểm là 700 000 đ/ tháng. Cứ ba năm anh ta lại được tăng lương thêm 7%. Hỏi sau 36 năm làm việc anh ta được lĩnh tất cả bao nhiêu tiền.','450788972','450788900','450799972','450678972','A','loga','thucte','3','NULL','12','0');
INSERT INTO `danhgiakienthuc`.`table_loga` (`id`, `noidung`, `dapanA`, `dapanB`, `dapanC`, `dapanD`, `dapan`, `dangtoan`, `dangbt`, `dokho`, `dophancach`, `malop`, `hinh`) VALUES ('LOGA068','Theo dự báo với mức tiêu thụ dầu không đổi như hiện nay thì trữ lượng dầu của nước A sẽ hết sau 100 năm nữa. Nhưng do nhu cầu thực tế, mức tiêu thụ tăng lên 4% mỗi năm. Hỏi sau bao nhiêu năm số dầu dự trữ của nước A sẽ hết?','41','42','43','41 năm 1 tháng','A','loga','thucte','3','NULL','12','0');
INSERT INTO `danhgiakienthuc`.`table_loga` (`id`, `noidung`, `dapanA`, `dapanB`, `dapanC`, `dapanD`, `dapan`, `dangtoan`, `dangbt`, `dokho`, `dophancach`, `malop`, `hinh`) VALUES ('LOGA069','Một người lần đầu gửi vào ngân hàng 100 triệu đồng với kì hạn 3 tháng, lãi suất 2% một quý theo hình thức lãi kép. Sau đúng 6 tháng, người đó gửi thêm 100 triệu đồng với kỳ hạn và lãi suất như trước đó. Tổng số tiền người đó nhận được 1 năm sau khi gửi thêm tiền gần nhất với kết quả nào sau đây?','210 triệu','220 triệu','212 triệu','216 triệu','B','loga','thucte','3','NULL','12','0');
INSERT INTO `danhgiakienthuc`.`table_loga` (`id`, `noidung`, `dapanA`, `dapanB`, `dapanC`, `dapanD`, `dapan`, `dangtoan`, `dangbt`, `dokho`, `dophancach`, `malop`, `hinh`) VALUES ('LOGA070','Anh Nam mong muốn rằng sau 6 năm sẽ có 2 tỷ để mua nhà. Hỏi anh Nam phải gửi vào ngân hàng một khoản tiền tiền tiết kiệm như nhau hàng năm gần nhất với giá trị nào sau đây, biết rằng lãi suất của ngân hàng là 8% /năm và lãi hàng năm được nhập vào vốn.','253,5 triệu','251 triệu','253 triệu','252,5 triệu','D','loga','thucte','3','NULL','12','0');
INSERT INTO `danhgiakienthuc`.`table_loga` (`id`, `noidung`, `dapanA`, `dapanB`, `dapanC`, `dapanD`, `dapan`, `dangtoan`, `dangbt`, `dokho`, `dophancach`, `malop`, `hinh`) VALUES ('LOGA071','Một người gửi 15 triệu đồng vào ngân hàng theo thể thức lãi kép kì hạn 1 quý, với lãi suất 1,65% một quý. Hỏi sao bao lâu người gửi có ít nhất 20 triệu đồng (bao gồm cả vốn lẫn lãi) từ số vốn ban đầu ? (Giả sử lãi suất thông thay đổi).','16 quý','18 quý','17 quý','19 quý','B','loga','thucte','3','NULL','12','0');
INSERT INTO `danhgiakienthuc`.`table_loga` (`id`, `noidung`, `dapanA`, `dapanB`, `dapanC`, `dapanD`, `dapan`, `dangtoan`, `dangbt`, `dokho`, `dophancach`, `malop`, `hinh`) VALUES ('LOGA072','E. coli (Escherichia coli) là vi khuẩn đường ruột gây tiêu chảy, đau bụng dữ dội. Cứ sau 20 phút thì số lượng vi khuẩn E. coli lại tăng gấp đôi. Ban đầu, chỉ có 60 vi khuẩn E. coli trong đường ruột. Hỏi sau 8 giờ, số lượng vi khuẩn E. coli là bao nhiêu?','1006632960 vi khuẩn','2108252760 vi khuẩn','158159469 vi khuẩn','3251693769 vi khuẩn','A','loga','thucte','3','NULL','12','0');
INSERT INTO `danhgiakienthuc`.`table_loga` (`id`, `noidung`, `dapanA`, `dapanB`, `dapanC`, `dapanD`, `dapan`, `dangtoan`, `dangbt`, `dokho`, `dophancach`, `malop`, `hinh`) VALUES ('LOGA073','Ông Bách quyết định đầu tư mỗi năm 3.000.000 đồng vào một tài khoản tiết kiệm trong vòng 4 năm. Khoản đầu tiên được đầu tư vào tháng 7/2006. Lãi suất năm trên tài khoản này là 3,75%. Thực ra, ông ta có thể đầu tư 750.000 đồng mỗi quý và ngân hang đồng ý tính lãi suất tích lũy theo quý. Hỏi khỏan tiền ông ta sở hữu vào tháng 7/2010 là bao nhiêu?','12.869.146 đồng','13.869.146 đồng','12.892.033 đồng','13.892.033 đồng','A','loga','thucte','3','NULL','12','0');
INSERT INTO `danhgiakienthuc`.`table_loga` (`id`, `noidung`, `dapanA`, `dapanB`, `dapanC`, `dapanD`, `dapan`, `dangtoan`, `dangbt`, `dokho`, `dophancach`, `malop`, `hinh`) VALUES ('LOGA074','Bạn Bình gửi tiết kiệm số tiền 58000000 đồng trong 8 tháng tại một ngân hàng thì nhận được được 61329000 đồng. Khi đó, lãi suất hàng tháng là:','0.006','0.06','0.007','0.07','C','loga','thucte','3','NULL','12','0');
INSERT INTO `danhgiakienthuc`.`table_loga` (`id`, `noidung`, `dapanA`, `dapanB`, `dapanC`, `dapanD`, `dapan`, `dangtoan`, `dangbt`, `dokho`, `dophancach`, `malop`, `hinh`) VALUES ('LOGA075','Tỉ lệ tăng dân số hàng năm của Việt Nam là 1% . Năm 2010 , dân số nước ta là 88360000 người. Sau khoảng bao nhiêu năm thì dân số nước ta sẽ là 128965000 người ? Giả sử tỉ lệ tăng dân số hàng năm là không thay đổi.','36','37','38','39','C','loga','thucte','3','NULL','12','0');
INSERT INTO `danhgiakienthuc`.`table_loga` (`id`, `noidung`, `dapanA`, `dapanB`, `dapanC`, `dapanD`, `dapan`, `dangtoan`, `dangbt`, `dokho`, `dophancach`, `malop`, `hinh`) VALUES ('LOGA076','Số $p=2^{756839}-1$ là một số nguyên tố. Hỏi nếu viết trong hệ thập phân, số đó có bao nhiêu chữ số?','227831 chữ số','227832 chữ số','227834 chữ số','227835 chữ số','B','loga','thucte','3','NULL','12','0');
INSERT INTO `danhgiakienthuc`.`table_loga` (`id`, `noidung`, `dapanA`, `dapanB`, `dapanC`, `dapanD`, `dapan`, `dangtoan`, `dangbt`, `dokho`, `dophancach`, `malop`, `hinh`) VALUES ('LOGA077','Đầu năm 2016, Curtis Cooper và các cộng sự tại nhóm nghiên cứu Đại học Central Mis-souri, Mỹ vừa công bố số nguyên tố lớn nhất tại thời điểm đó. Số nguyên tố này là một dạng số nguyên tố Mersenne, có giá trị bằng $M=2^{74207281}-1$. Hỏi $M$ có bao nhiêu chữ số?','2233862 chữ số','22338618 chữ số','22338617 chữ số','2233863 chữ số','C','loga','thucte','3','NULL','12','0');